solid tailfin
 facet normal -0.887014 0.119811 0.445928
  outer loop
   vertex 8.3135e-05 0.000615483 0
   vertex 0 -0 0
   vertex 0.161775 0.000294201 0.321714
  endloop
 endfacet
 facet normal -0.886994 0.119997 0.445917
  outer loop
   vertex 0.161775 0.000294201 0.321714
   vertex 0 -0 0
   vertex 0.161735 0 0.321714
  endloop
 endfacet
 facet normal -0.838311 0.34558 0.421675
  outer loop
   vertex 0.000332408 0.00122017 0
   vertex 8.3135e-05 0.000615483 0
   vertex 0.161894 0.000583242 0.321714
  endloop
 endfacet
 facet normal -0.838351 0.345458 0.421695
  outer loop
   vertex 0.161894 0.000583242 0.321714
   vertex 8.3135e-05 0.000615483 0
   vertex 0.161775 0.000294201 0.321714
  endloop
 endfacet
 facet normal -0.757529 0.529745 0.381472
  outer loop
   vertex 0.000747426 0.00181364 0
   vertex 0.000332408 0.00122017 0
   vertex 0.162092 0.000866921 0.321714
  endloop
 endfacet
 facet normal -0.757512 0.529775 0.381463
  outer loop
   vertex 0.162092 0.000866921 0.321714
   vertex 0.000332408 0.00122017 0
   vertex 0.161894 0.000583242 0.321714
  endloop
 endfacet
 facet normal -0.666819 0.664983 0.336377
  outer loop
   vertex 0.00132753 0.00239535 0
   vertex 0.000747426 0.00181364 0
   vertex 0.16237 0.00114498 0.321714
  endloop
 endfacet
 facet normal -0.666814 0.66499 0.336375
  outer loop
   vertex 0.16237 0.00114498 0.321714
   vertex 0.000747426 0.00181364 0
   vertex 0.162092 0.000866921 0.321714
  endloop
 endfacet
 facet normal -0.580755 0.759267 0.293662
  outer loop
   vertex 0.00207181 0.00296464 0
   vertex 0.00132753 0.00239535 0
   vertex 0.162725 0.0014171 0.321714
  endloop
 endfacet
 facet normal -0.580811 0.759213 0.29369
  outer loop
   vertex 0.162725 0.0014171 0.321714
   vertex 0.00132753 0.00239535 0
   vertex 0.16237 0.00114498 0.321714
  endloop
 endfacet
 facet normal -0.505149 0.824121 0.256219
  outer loop
   vertex 0.00297908 0.00352076 0
   vertex 0.00207181 0.00296464 0
   vertex 0.163159 0.00168292 0.321714
  endloop
 endfacet
 facet normal -0.50513 0.824136 0.25621
  outer loop
   vertex 0.163159 0.00168292 0.321714
   vertex 0.00207181 0.00296464 0
   vertex 0.162725 0.0014171 0.321714
  endloop
 endfacet
 facet normal -0.440791 0.869099 0.224433
  outer loop
   vertex 0.00404791 0.00406285 0
   vertex 0.00297908 0.00352076 0
   vertex 0.16367 0.00194204 0.321714
  endloop
 endfacet
 facet normal -0.440791 0.869099 0.224433
  outer loop
   vertex 0.16367 0.00194204 0.321714
   vertex 0.00297908 0.00352076 0
   vertex 0.163159 0.00168292 0.321714
  endloop
 endfacet
 facet normal -0.386486 0.900857 0.197698
  outer loop
   vertex 0.00527661 0.00458998 0
   vertex 0.00404791 0.00406285 0
   vertex 0.164257 0.00219401 0.321714
  endloop
 endfacet
 facet normal -0.386497 0.900852 0.197703
  outer loop
   vertex 0.164257 0.00219401 0.321714
   vertex 0.00404791 0.00406285 0
   vertex 0.16367 0.00194204 0.321714
  endloop
 endfacet
 facet normal -0.340551 0.923765 0.175169
  outer loop
   vertex 0.00666323 0.00510117 0
   vertex 0.00527661 0.00458998 0
   vertex 0.16492 0.00243836 0.321714
  endloop
 endfacet
 facet normal -0.340552 0.923764 0.175169
  outer loop
   vertex 0.16492 0.00243836 0.321714
   vertex 0.00527661 0.00458998 0
   vertex 0.164257 0.00219401 0.321714
  endloop
 endfacet
 facet normal -0.301392 0.940645 0.156046
  outer loop
   vertex 0.0082056 0.00559536 0
   vertex 0.00666323 0.00510117 0
   vertex 0.165657 0.00267458 0.321714
  endloop
 endfacet
 facet normal -0.301375 0.940652 0.156037
  outer loop
   vertex 0.165657 0.00267458 0.321714
   vertex 0.00666323 0.00510117 0
   vertex 0.16492 0.00243836 0.321714
  endloop
 endfacet
 facet normal -0.267675 0.953334 0.139659
  outer loop
   vertex 0.00990125 0.00607146 0
   vertex 0.0082056 0.00559536 0
   vertex 0.166468 0.00290216 0.321714
  endloop
 endfacet
 facet normal -0.267681 0.953332 0.139662
  outer loop
   vertex 0.166468 0.00290216 0.321714
   vertex 0.0082056 0.00559536 0
   vertex 0.165657 0.00267458 0.321714
  endloop
 endfacet
 facet normal -0.238333 0.963044 0.125475
  outer loop
   vertex 0.0117475 0.00652837 0
   vertex 0.00990125 0.00607146 0
   vertex 0.16735 0.00312056 0.321714
  endloop
 endfacet
 facet normal -0.238335 0.963043 0.125476
  outer loop
   vertex 0.16735 0.00312056 0.321714
   vertex 0.00990125 0.00607146 0
   vertex 0.166468 0.00290216 0.321714
  endloop
 endfacet
 facet normal -0.212529 0.97059 0.113075
  outer loop
   vertex 0.0137415 0.00696499 0
   vertex 0.0117475 0.00652837 0
   vertex 0.168303 0.00332926 0.321714
  endloop
 endfacet
 facet normal -0.212533 0.970589 0.113077
  outer loop
   vertex 0.168303 0.00332926 0.321714
   vertex 0.0117475 0.00652837 0
   vertex 0.16735 0.00312056 0.321714
  endloop
 endfacet
 facet normal -0.18961 0.976533 0.102131
  outer loop
   vertex 0.01588 0.00738021 0
   vertex 0.0137415 0.00696499 0
   vertex 0.169326 0.00352774 0.321714
  endloop
 endfacet
 facet normal -0.189595 0.976537 0.102124
  outer loop
   vertex 0.169326 0.00352774 0.321714
   vertex 0.0137415 0.00696499 0
   vertex 0.168303 0.00332926 0.321714
  endloop
 endfacet
 facet normal -0.16907 0.981264 0.0923903
  outer loop
   vertex 0.0181597 0.007773 0
   vertex 0.01588 0.00738021 0
   vertex 0.170415 0.00371549 0.321714
  endloop
 endfacet
 facet normal -0.16908 0.981262 0.0923952
  outer loop
   vertex 0.170415 0.00371549 0.321714
   vertex 0.01588 0.00738021 0
   vertex 0.169326 0.00352774 0.321714
  endloop
 endfacet
 facet normal -0.150505 0.985064 0.0836522
  outer loop
   vertex 0.0205769 0.00814232 0
   vertex 0.0181597 0.007773 0
   vertex 0.171571 0.00389203 0.321714
  endloop
 endfacet
 facet normal -0.150498 0.985065 0.0836489
  outer loop
   vertex 0.171571 0.00389203 0.321714
   vertex 0.0181597 0.007773 0
   vertex 0.170415 0.00371549 0.321714
  endloop
 endfacet
 facet normal -0.133607 0.988134 0.075762
  outer loop
   vertex 0.0231278 0.00848723 0
   vertex 0.0205769 0.00814232 0
   vertex 0.17279 0.0040569 0.321714
  endloop
 endfacet
 facet normal -0.133613 0.988133 0.0757647
  outer loop
   vertex 0.17279 0.0040569 0.321714
   vertex 0.0205769 0.00814232 0
   vertex 0.171571 0.00389203 0.321714
  endloop
 endfacet
 facet normal -0.118124 0.990627 0.0685934
  outer loop
   vertex 0.0258085 0.00880688 0
   vertex 0.0231278 0.00848723 0
   vertex 0.174072 0.00420969 0.321714
  endloop
 endfacet
 facet normal -0.118119 0.990628 0.0685912
  outer loop
   vertex 0.174072 0.00420969 0.321714
   vertex 0.0231278 0.00848723 0
   vertex 0.17279 0.0040569 0.321714
  endloop
 endfacet
 facet normal -0.10386 0.992655 0.0620489
  outer loop
   vertex 0.0286146 0.00910048 0
   vertex 0.0258085 0.00880688 0
   vertex 0.175413 0.00435003 0.321714
  endloop
 endfacet
 facet normal -0.103862 0.992654 0.0620499
  outer loop
   vertex 0.175413 0.00435003 0.321714
   vertex 0.0258085 0.00880688 0
   vertex 0.174072 0.00420969 0.321714
  endloop
 endfacet
 facet normal -0.0906571 0.994304 0.0560488
  outer loop
   vertex 0.0315417 0.00936737 0
   vertex 0.0286146 0.00910048 0
   vertex 0.176812 0.0044776 0.321714
  endloop
 endfacet
 facet normal -0.0906557 0.994304 0.0560482
  outer loop
   vertex 0.176812 0.0044776 0.321714
   vertex 0.0286146 0.00910048 0
   vertex 0.175413 0.00435003 0.321714
  endloop
 endfacet
 facet normal -0.078386 0.995642 0.0505281
  outer loop
   vertex 0.0345853 0.00960698 0
   vertex 0.0315417 0.00936737 0
   vertex 0.178267 0.00459214 0.321714
  endloop
 endfacet
 facet normal -0.0783865 0.995642 0.0505283
  outer loop
   vertex 0.178267 0.00459214 0.321714
   vertex 0.0315417 0.00936737 0
   vertex 0.176812 0.0044776 0.321714
  endloop
 endfacet
 facet normal -0.0669444 0.996722 0.045435
  outer loop
   vertex 0.0377404 0.00981889 0
   vertex 0.0345853 0.00960698 0
   vertex 0.179775 0.00469343 0.321714
  endloop
 endfacet
 facet normal -0.0669463 0.996722 0.0454358
  outer loop
   vertex 0.179775 0.00469343 0.321714
   vertex 0.0345853 0.00960698 0
   vertex 0.178267 0.00459214 0.321714
  endloop
 endfacet
 facet normal -0.0562474 0.997586 0.0407261
  outer loop
   vertex 0.0410021 0.0100028 0
   vertex 0.0377404 0.00981889 0
   vertex 0.181334 0.00478134 0.321714
  endloop
 endfacet
 facet normal -0.0562474 0.997586 0.0407261
  outer loop
   vertex 0.181334 0.00478134 0.321714
   vertex 0.0377404 0.00981889 0
   vertex 0.179775 0.00469343 0.321714
  endloop
 endfacet
 facet normal -0.0462247 0.998269 0.0363653
  outer loop
   vertex 0.0443653 0.0101585 0
   vertex 0.0410021 0.0100028 0
   vertex 0.182942 0.00485578 0.321714
  endloop
 endfacet
 facet normal -0.0462251 0.998269 0.0363654
  outer loop
   vertex 0.182942 0.00485578 0.321714
   vertex 0.0410021 0.0100028 0
   vertex 0.181334 0.00478134 0.321714
  endloop
 endfacet
 facet normal -0.0368218 0.998799 0.0323238
  outer loop
   vertex 0.0478245 0.0102861 0
   vertex 0.0443653 0.0101585 0
   vertex 0.184595 0.00491674 0.321714
  endloop
 endfacet
 facet normal -0.036819 0.998799 0.0323225
  outer loop
   vertex 0.184595 0.00491674 0.321714
   vertex 0.0443653 0.0101585 0
   vertex 0.182942 0.00485578 0.321714
  endloop
 endfacet
 facet normal -0.0279837 0.9992 0.0285731
  outer loop
   vertex 0.0513745 0.0103855 0
   vertex 0.0478245 0.0102861 0
   vertex 0.186292 0.00496426 0.321714
  endloop
 endfacet
 facet normal -0.0279857 0.9992 0.028574
  outer loop
   vertex 0.186292 0.00496426 0.321714
   vertex 0.0478245 0.0102861 0
   vertex 0.184595 0.00491674 0.321714
  endloop
 endfacet
 facet normal -0.0196766 0.999491 0.0250943
  outer loop
   vertex 0.0550094 0.010457 0
   vertex 0.0513745 0.0103855 0
   vertex 0.188029 0.00499846 0.321714
  endloop
 endfacet
 facet normal -0.0196753 0.999491 0.0250937
  outer loop
   vertex 0.188029 0.00499846 0.321714
   vertex 0.0513745 0.0103855 0
   vertex 0.186292 0.00496426 0.321714
  endloop
 endfacet
 facet normal -0.0118562 0.999691 0.0218641
  outer loop
   vertex 0.0587237 0.0105011 0
   vertex 0.0550094 0.010457 0
   vertex 0.189805 0.00501952 0.321714
  endloop
 endfacet
 facet normal -0.0118585 0.999691 0.0218651
  outer loop
   vertex 0.189805 0.00501952 0.321714
   vertex 0.0550094 0.010457 0
   vertex 0.188029 0.00499846 0.321714
  endloop
 endfacet
 facet normal -0.00450324 0.999812 0.0188703
  outer loop
   vertex 0.0625113 0.0105182 0
   vertex 0.0587237 0.0105011 0
   vertex 0.191615 0.00502768 0.321714
  endloop
 endfacet
 facet normal -0.0045022 0.999812 0.0188698
  outer loop
   vertex 0.191615 0.00502768 0.321714
   vertex 0.0587237 0.0105011 0
   vertex 0.189805 0.00501952 0.321714
  endloop
 endfacet
 facet normal 0.00241986 0.999868 0.016093
  outer loop
   vertex 0.0663664 0.0105088 0
   vertex 0.0625113 0.0105182 0
   vertex 0.193458 0.00502322 0.321714
  endloop
 endfacet
 facet normal 0.00241997 0.999868 0.0160929
  outer loop
   vertex 0.193458 0.00502322 0.321714
   vertex 0.0625113 0.0105182 0
   vertex 0.191615 0.00502768 0.321714
  endloop
 endfacet
 facet normal 0.00893319 0.999869 0.0135199
  outer loop
   vertex 0.0702828 0.0104738 0
   vertex 0.0663664 0.0105088 0
   vertex 0.19533 0.00500649 0.321714
  endloop
 endfacet
 facet normal 0.00893369 0.999869 0.0135197
  outer loop
   vertex 0.19533 0.00500649 0.321714
   vertex 0.0663664 0.0105088 0
   vertex 0.193458 0.00502322 0.321714
  endloop
 endfacet
 facet normal 0.015062 0.999825 0.011137
  outer loop
   vertex 0.0742544 0.010414 0
   vertex 0.0702828 0.0104738 0
   vertex 0.197229 0.00497789 0.321714
  endloop
 endfacet
 facet normal 0.0150605 0.999825 0.0111375
  outer loop
   vertex 0.197229 0.00497789 0.321714
   vertex 0.0702828 0.0104738 0
   vertex 0.19533 0.00500649 0.321714
  endloop
 endfacet
 facet normal 0.0208207 0.999743 0.00893433
  outer loop
   vertex 0.0782748 0.0103303 0
   vertex 0.0742544 0.010414 0
   vertex 0.19915 0.00493787 0.321714
  endloop
 endfacet
 facet normal 0.0208219 0.999743 0.00893386
  outer loop
   vertex 0.19915 0.00493787 0.321714
   vertex 0.0742544 0.010414 0
   vertex 0.197229 0.00497789 0.321714
  endloop
 endfacet
 facet normal 0.0262401 0.999632 0.00689626
  outer loop
   vertex 0.0823377 0.0102236 0
   vertex 0.0782748 0.0103303 0
   vertex 0.201092 0.00488689 0.321714
  endloop
 endfacet
 facet normal 0.0262382 0.999632 0.00689699
  outer loop
   vertex 0.201092 0.00488689 0.321714
   vertex 0.0782748 0.0103303 0
   vertex 0.19915 0.00493787 0.321714
  endloop
 endfacet
 facet normal 0.0313283 0.999497 0.00501579
  outer loop
   vertex 0.0864367 0.0100951 0
   vertex 0.0823377 0.0102236 0
   vertex 0.203052 0.00482548 0.321714
  endloop
 endfacet
 facet normal 0.031329 0.999497 0.00501553
  outer loop
   vertex 0.203052 0.00482548 0.321714
   vertex 0.0823377 0.0102236 0
   vertex 0.201092 0.00488689 0.321714
  endloop
 endfacet
 facet normal 0.0361104 0.999342 0.00327987
  outer loop
   vertex 0.0905653 0.00994596 0
   vertex 0.0864367 0.0100951 0
   vertex 0.205025 0.00475417 0.321714
  endloop
 endfacet
 facet normal 0.036112 0.999342 0.00327929
  outer loop
   vertex 0.205025 0.00475417 0.321714
   vertex 0.0864367 0.0100951 0
   vertex 0.203052 0.00482548 0.321714
  endloop
 endfacet
 facet normal 0.0406027 0.999174 0.00167888
  outer loop
   vertex 0.094717 0.00977725 0
   vertex 0.0905653 0.00994596 0
   vertex 0.20701 0.00467353 0.321714
  endloop
 endfacet
 facet normal 0.0406026 0.999174 0.00167892
  outer loop
   vertex 0.20701 0.00467353 0.321714
   vertex 0.0905653 0.00994596 0
   vertex 0.205025 0.00475417 0.321714
  endloop
 endfacet
 facet normal 0.044822 0.998995 0.000203307
  outer loop
   vertex 0.0988851 0.00959024 0
   vertex 0.094717 0.00977725 0
   vertex 0.209002 0.00458413 0.321714
  endloop
 endfacet
 facet normal 0.0448213 0.998995 0.000203549
  outer loop
   vertex 0.209002 0.00458413 0.321714
   vertex 0.094717 0.00977725 0
   vertex 0.20701 0.00467353 0.321714
  endloop
 endfacet
 facet normal 0.0487856 0.998809 -0.00115625
  outer loop
   vertex 0.103063 0.00938616 0
   vertex 0.0988851 0.00959024 0
   vertex 0.210999 0.00448659 0.321714
  endloop
 endfacet
 facet normal 0.0487863 0.998809 -0.00115649
  outer loop
   vertex 0.210999 0.00448659 0.321714
   vertex 0.0988851 0.00959024 0
   vertex 0.209002 0.00458413 0.321714
  endloop
 endfacet
 facet normal 0.0525103 0.998617 -0.00240879
  outer loop
   vertex 0.107245 0.00916629 0
   vertex 0.103063 0.00938616 0
   vertex 0.212998 0.00438149 0.321714
  endloop
 endfacet
 facet normal 0.0525106 0.998617 -0.00240892
  outer loop
   vertex 0.212998 0.00438149 0.321714
   vertex 0.103063 0.00938616 0
   vertex 0.210999 0.00448659 0.321714
  endloop
 endfacet
 facet normal 0.0560132 0.998424 -0.00356316
  outer loop
   vertex 0.111423 0.00893189 0
   vertex 0.107245 0.00916629 0
   vertex 0.214995 0.00426945 0.321714
  endloop
 endfacet
 facet normal 0.0560112 0.998424 -0.00356249
  outer loop
   vertex 0.214995 0.00426945 0.321714
   vertex 0.107245 0.00916629 0
   vertex 0.212998 0.00438149 0.321714
  endloop
 endfacet
 facet normal 0.0593112 0.998229 -0.00462773
  outer loop
   vertex 0.115591 0.00868424 0
   vertex 0.111423 0.00893189 0
   vertex 0.216987 0.00415107 0.321714
  endloop
 endfacet
 facet normal 0.0593128 0.998229 -0.00462826
  outer loop
   vertex 0.216987 0.00415107 0.321714
   vertex 0.111423 0.00893189 0
   vertex 0.214995 0.00426945 0.321714
  endloop
 endfacet
 facet normal 0.0624167 0.998034 -0.00560924
  outer loop
   vertex 0.119742 0.0084246 0
   vertex 0.115591 0.00868424 0
   vertex 0.218972 0.00402696 0.321714
  endloop
 endfacet
 facet normal 0.0624172 0.998034 -0.00560941
  outer loop
   vertex 0.218972 0.00402696 0.321714
   vertex 0.115591 0.00868424 0
   vertex 0.216987 0.00415107 0.321714
  endloop
 endfacet
 facet normal 0.0653491 0.997841 -0.00651637
  outer loop
   vertex 0.123871 0.00815421 0
   vertex 0.119742 0.0084246 0
   vertex 0.220945 0.00389771 0.321714
  endloop
 endfacet
 facet normal 0.065348 0.997841 -0.00651601
  outer loop
   vertex 0.220945 0.00389771 0.321714
   vertex 0.119742 0.0084246 0
   vertex 0.218972 0.00402696 0.321714
  endloop
 endfacet
 facet normal 0.0681215 0.99765 -0.00735544
  outer loop
   vertex 0.12797 0.00787432 0
   vertex 0.123871 0.00815421 0
   vertex 0.222905 0.00376393 0.321714
  endloop
 endfacet
 facet normal 0.0681223 0.99765 -0.0073557
  outer loop
   vertex 0.222905 0.00376393 0.321714
   vertex 0.123871 0.00815421 0
   vertex 0.220945 0.00389771 0.321714
  endloop
 endfacet
 facet normal 0.0707484 0.997461 -0.00813304
  outer loop
   vertex 0.132033 0.00758615 0
   vertex 0.12797 0.00787432 0
   vertex 0.224847 0.00362618 0.321714
  endloop
 endfacet
 facet normal 0.0707473 0.997461 -0.00813271
  outer loop
   vertex 0.224847 0.00362618 0.321714
   vertex 0.12797 0.00787432 0
   vertex 0.222905 0.00376393 0.321714
  endloop
 endfacet
 facet normal 0.0732437 0.997275 -0.00885519
  outer loop
   vertex 0.136053 0.00729088 0
   vertex 0.132033 0.00758615 0
   vertex 0.226768 0.00348504 0.321714
  endloop
 endfacet
 facet normal 0.0732458 0.997275 -0.00885582
  outer loop
   vertex 0.226768 0.00348504 0.321714
   vertex 0.132033 0.00758615 0
   vertex 0.224847 0.00362618 0.321714
  endloop
 endfacet
 facet normal 0.0756177 0.997091 -0.00952681
  outer loop
   vertex 0.140025 0.00698968 0
   vertex 0.136053 0.00729088 0
   vertex 0.228667 0.00334106 0.321714
  endloop
 endfacet
 facet normal 0.0756145 0.997092 -0.00952588
  outer loop
   vertex 0.228667 0.00334106 0.321714
   vertex 0.136053 0.00729088 0
   vertex 0.226768 0.00348504 0.321714
  endloop
 endfacet
 facet normal 0.0778881 0.99691 -0.0101544
  outer loop
   vertex 0.143941 0.00668369 0
   vertex 0.140025 0.00698968 0
   vertex 0.230539 0.0031948 0.321714
  endloop
 endfacet
 facet normal 0.0778901 0.99691 -0.010155
  outer loop
   vertex 0.230539 0.0031948 0.321714
   vertex 0.140025 0.00698968 0
   vertex 0.228667 0.00334106 0.321714
  endloop
 endfacet
 facet normal 0.0800601 0.996732 -0.010741
  outer loop
   vertex 0.147796 0.00637404 0
   vertex 0.143941 0.00668369 0
   vertex 0.232382 0.00304679 0.321714
  endloop
 endfacet
 facet normal 0.0800612 0.996732 -0.0107413
  outer loop
   vertex 0.232382 0.00304679 0.321714
   vertex 0.143941 0.00668369 0
   vertex 0.230539 0.0031948 0.321714
  endloop
 endfacet
 facet normal 0.0821486 0.996556 -0.0112919
  outer loop
   vertex 0.151584 0.00606182 0
   vertex 0.147796 0.00637404 0
   vertex 0.234192 0.00289755 0.321714
  endloop
 endfacet
 facet normal 0.0821478 0.996556 -0.0112917
  outer loop
   vertex 0.234192 0.00289755 0.321714
   vertex 0.147796 0.00637404 0
   vertex 0.232382 0.00304679 0.321714
  endloop
 endfacet
 facet normal 0.0841569 0.996383 -0.0118093
  outer loop
   vertex 0.155298 0.0057481 0
   vertex 0.151584 0.00606182 0
   vertex 0.235968 0.00274759 0.321714
  endloop
 endfacet
 facet normal 0.0841577 0.996382 -0.0118095
  outer loop
   vertex 0.235968 0.00274759 0.321714
   vertex 0.151584 0.00606182 0
   vertex 0.234192 0.00289755 0.321714
  endloop
 endfacet
 facet normal 0.0861015 0.99621 -0.0122985
  outer loop
   vertex 0.158933 0.00543394 0
   vertex 0.155298 0.0057481 0
   vertex 0.237705 0.00259742 0.321714
  endloop
 endfacet
 facet normal 0.0860959 0.996211 -0.0122971
  outer loop
   vertex 0.237705 0.00259742 0.321714
   vertex 0.155298 0.0057481 0
   vertex 0.235968 0.00274759 0.321714
  endloop
 endfacet
 facet normal 0.0879783 0.996041 -0.0127595
  outer loop
   vertex 0.162483 0.00512037 0
   vertex 0.158933 0.00543394 0
   vertex 0.239402 0.00244754 0.321714
  endloop
 endfacet
 facet normal 0.0879838 0.99604 -0.0127609
  outer loop
   vertex 0.239402 0.00244754 0.321714
   vertex 0.158933 0.00543394 0
   vertex 0.237705 0.00259742 0.321714
  endloop
 endfacet
 facet normal 0.0898072 0.995872 -0.0131982
  outer loop
   vertex 0.165943 0.00480842 0
   vertex 0.162483 0.00512037 0
   vertex 0.241056 0.00229843 0.321714
  endloop
 endfacet
 facet normal 0.0898069 0.995872 -0.0131981
  outer loop
   vertex 0.241056 0.00229843 0.321714
   vertex 0.162483 0.00512037 0
   vertex 0.239402 0.00244754 0.321714
  endloop
 endfacet
 facet normal 0.091578 0.995705 -0.013613
  outer loop
   vertex 0.169306 0.0044991 0
   vertex 0.165943 0.00480842 0
   vertex 0.242663 0.00215057 0.321714
  endloop
 endfacet
 facet normal 0.0915783 0.995705 -0.013613
  outer loop
   vertex 0.242663 0.00215057 0.321714
   vertex 0.165943 0.00480842 0
   vertex 0.241056 0.00229843 0.321714
  endloop
 endfacet
 facet normal 0.0933058 0.995539 -0.0140081
  outer loop
   vertex 0.172567 0.0041934 0
   vertex 0.169306 0.0044991 0
   vertex 0.244222 0.00200445 0.321714
  endloop
 endfacet
 facet normal 0.0933062 0.995539 -0.0140082
  outer loop
   vertex 0.244222 0.00200445 0.321714
   vertex 0.169306 0.0044991 0
   vertex 0.242663 0.00215057 0.321714
  endloop
 endfacet
 facet normal 0.0949877 0.995375 -0.0143839
  outer loop
   vertex 0.175722 0.00389231 0
   vertex 0.172567 0.0041934 0
   vertex 0.24573 0.00186052 0.321714
  endloop
 endfacet
 facet normal 0.0949833 0.995375 -0.0143829
  outer loop
   vertex 0.24573 0.00186052 0.321714
   vertex 0.172567 0.0041934 0
   vertex 0.244222 0.00200445 0.321714
  endloop
 endfacet
 facet normal 0.0966229 0.995212 -0.0147407
  outer loop
   vertex 0.178766 0.00359682 0
   vertex 0.175722 0.00389231 0
   vertex 0.247185 0.00171928 0.321714
  endloop
 endfacet
 facet normal 0.0966254 0.995212 -0.0147413
  outer loop
   vertex 0.247185 0.00171928 0.321714
   vertex 0.175722 0.00389231 0
   vertex 0.24573 0.00186052 0.321714
  endloop
 endfacet
 facet normal 0.0982209 0.99505 -0.0150815
  outer loop
   vertex 0.181693 0.00330788 0
   vertex 0.178766 0.00359682 0
   vertex 0.248584 0.00158117 0.321714
  endloop
 endfacet
 facet normal 0.0982169 0.995051 -0.0150807
  outer loop
   vertex 0.248584 0.00158117 0.321714
   vertex 0.178766 0.00359682 0
   vertex 0.247185 0.00171928 0.321714
  endloop
 endfacet
 facet normal 0.0997707 0.994891 -0.0154046
  outer loop
   vertex 0.184499 0.00302648 0
   vertex 0.181693 0.00330788 0
   vertex 0.249926 0.00144666 0.321714
  endloop
 endfacet
 facet normal 0.0997726 0.994891 -0.015405
  outer loop
   vertex 0.249926 0.00144666 0.321714
   vertex 0.181693 0.00330788 0
   vertex 0.248584 0.00158117 0.321714
  endloop
 endfacet
 facet normal 0.101274 0.994734 -0.0157111
  outer loop
   vertex 0.18718 0.00275356 0
   vertex 0.184499 0.00302648 0
   vertex 0.251207 0.0013162 0.321714
  endloop
 endfacet
 facet normal 0.101281 0.994734 -0.0157125
  outer loop
   vertex 0.251207 0.0013162 0.321714
   vertex 0.184499 0.00302648 0
   vertex 0.249926 0.00144666 0.321714
  endloop
 endfacet
 facet normal 0.102735 0.99458 -0.0160026
  outer loop
   vertex 0.189731 0.00249006 0
   vertex 0.18718 0.00275356 0
   vertex 0.252426 0.00119025 0.321714
  endloop
 endfacet
 facet normal 0.10273 0.994581 -0.0160016
  outer loop
   vertex 0.252426 0.00119025 0.321714
   vertex 0.18718 0.00275356 0
   vertex 0.251207 0.0013162 0.321714
  endloop
 endfacet
 facet normal 0.104137 0.99443 -0.0162764
  outer loop
   vertex 0.192148 0.00223692 0
   vertex 0.189731 0.00249006 0
   vertex 0.253582 0.00106925 0.321714
  endloop
 endfacet
 facet normal 0.104143 0.994429 -0.0162775
  outer loop
   vertex 0.253582 0.00106925 0.321714
   vertex 0.189731 0.00249006 0
   vertex 0.252426 0.00119025 0.321714
  endloop
 endfacet
 facet normal 0.105495 0.994282 -0.0165362
  outer loop
   vertex 0.194428 0.00199505 0
   vertex 0.192148 0.00223692 0
   vertex 0.254672 0.000953634 0.321714
  endloop
 endfacet
 facet normal 0.105488 0.994283 -0.0165349
  outer loop
   vertex 0.254672 0.000953634 0.321714
   vertex 0.192148 0.00223692 0
   vertex 0.253582 0.00106925 0.321714
  endloop
 endfacet
 facet normal 0.106786 0.99414 -0.0167785
  outer loop
   vertex 0.196566 0.00176534 0
   vertex 0.194428 0.00199505 0
   vertex 0.255694 0.000843834 0.321714
  endloop
 endfacet
 facet normal 0.106788 0.99414 -0.0167788
  outer loop
   vertex 0.255694 0.000843834 0.321714
   vertex 0.194428 0.00199505 0
   vertex 0.254672 0.000953634 0.321714
  endloop
 endfacet
 facet normal 0.108014 0.994004 -0.0170046
  outer loop
   vertex 0.19856 0.00154866 0
   vertex 0.196566 0.00176534 0
   vertex 0.256647 0.000740261 0.321714
  endloop
 endfacet
 facet normal 0.108017 0.994004 -0.0170051
  outer loop
   vertex 0.256647 0.000740261 0.321714
   vertex 0.196566 0.00176534 0
   vertex 0.255694 0.000843834 0.321714
  endloop
 endfacet
 facet normal 0.109177 0.993873 -0.0172148
  outer loop
   vertex 0.200407 0.00134585 0
   vertex 0.19856 0.00154866 0
   vertex 0.257529 0.000643315 0.321714
  endloop
 endfacet
 facet normal 0.109169 0.993874 -0.0172133
  outer loop
   vertex 0.257529 0.000643315 0.321714
   vertex 0.19856 0.00154866 0
   vertex 0.256647 0.000740261 0.321714
  endloop
 endfacet
 facet normal 0.11027 0.993749 -0.0174093
  outer loop
   vertex 0.202102 0.0011577 0
   vertex 0.200407 0.00134585 0
   vertex 0.25834 0.000553379 0.321714
  endloop
 endfacet
 facet normal 0.110269 0.993749 -0.0174091
  outer loop
   vertex 0.25834 0.000553379 0.321714
   vertex 0.200407 0.00134585 0
   vertex 0.257529 0.000643315 0.321714
  endloop
 endfacet
 facet normal 0.111273 0.993634 -0.0175848
  outer loop
   vertex 0.203645 0.000984969 0
   vertex 0.202102 0.0011577 0
   vertex 0.259077 0.000470815 0.321714
  endloop
 endfacet
 facet normal 0.111285 0.993633 -0.0175869
  outer loop
   vertex 0.259077 0.000470815 0.321714
   vertex 0.202102 0.0011577 0
   vertex 0.25834 0.000553379 0.321714
  endloop
 endfacet
 facet normal 0.112205 0.993527 -0.0177456
  outer loop
   vertex 0.205031 0.000828371 0
   vertex 0.203645 0.000984969 0
   vertex 0.25974 0.000395962 0.321714
  endloop
 endfacet
 facet normal 0.112204 0.993527 -0.0177453
  outer loop
   vertex 0.25974 0.000395962 0.321714
   vertex 0.203645 0.000984969 0
   vertex 0.259077 0.000470815 0.321714
  endloop
 endfacet
 facet normal 0.11304 0.993429 -0.0178877
  outer loop
   vertex 0.20626 0.000688559 0
   vertex 0.205031 0.000828371 0
   vertex 0.260327 0.000329131 0.321714
  endloop
 endfacet
 facet normal 0.113047 0.993429 -0.0178889
  outer loop
   vertex 0.260327 0.000329131 0.321714
   vertex 0.205031 0.000828371 0
   vertex 0.25974 0.000395962 0.321714
  endloop
 endfacet
 facet normal 0.113789 0.993342 -0.0180135
  outer loop
   vertex 0.207329 0.000566127 0
   vertex 0.20626 0.000688559 0
   vertex 0.260838 0.000270609 0.321714
  endloop
 endfacet
 facet normal 0.113785 0.993342 -0.018013
  outer loop
   vertex 0.260838 0.000270609 0.321714
   vertex 0.20626 0.000688559 0
   vertex 0.260327 0.000329131 0.321714
  endloop
 endfacet
 facet normal 0.11443 0.993266 -0.0181203
  outer loop
   vertex 0.208236 0.000461602 0
   vertex 0.207329 0.000566127 0
   vertex 0.261272 0.000220646 0.321714
  endloop
 endfacet
 facet normal 0.114423 0.993267 -0.018119
  outer loop
   vertex 0.261272 0.000220646 0.321714
   vertex 0.207329 0.000566127 0
   vertex 0.260838 0.000270609 0.321714
  endloop
 endfacet
 facet normal 0.114972 0.993202 -0.0182097
  outer loop
   vertex 0.20898 0.000375441 0
   vertex 0.208236 0.000461602 0
   vertex 0.261628 0.000179461 0.321714
  endloop
 endfacet
 facet normal 0.114963 0.993203 -0.0182082
  outer loop
   vertex 0.261628 0.000179461 0.321714
   vertex 0.208236 0.000461602 0
   vertex 0.261272 0.000220646 0.321714
  endloop
 endfacet
 facet normal 0.115422 0.993148 -0.0182833
  outer loop
   vertex 0.20956 0.000308024 0
   vertex 0.20898 0.000375441 0
   vertex 0.261905 0.000147236 0.321714
  endloop
 endfacet
 facet normal 0.115422 0.993148 -0.0182834
  outer loop
   vertex 0.261905 0.000147236 0.321714
   vertex 0.20898 0.000375441 0
   vertex 0.261628 0.000179461 0.321714
  endloop
 endfacet
 facet normal 0.115753 0.993109 -0.0183372
  outer loop
   vertex 0.209975 0.000259652 0
   vertex 0.20956 0.000308024 0
   vertex 0.262103 0.000124114 0.321714
  endloop
 endfacet
 facet normal 0.115742 0.99311 -0.0183354
  outer loop
   vertex 0.262103 0.000124114 0.321714
   vertex 0.20956 0.000308024 0
   vertex 0.261905 0.000147236 0.321714
  endloop
 endfacet
 facet normal 0.115963 0.993084 -0.0183713
  outer loop
   vertex 0.210225 0.000230541 0
   vertex 0.209975 0.000259652 0
   vertex 0.262222 0.000110199 0.321714
  endloop
 endfacet
 facet normal 0.116006 0.993078 -0.0183782
  outer loop
   vertex 0.262222 0.000110199 0.321714
   vertex 0.209975 0.000259652 0
   vertex 0.262103 0.000124114 0.321714
  endloop
 endfacet
 facet normal 0.116129 0.993064 -0.0183981
  outer loop
   vertex 0.210308 0.000220823 0
   vertex 0.210225 0.000230541 0
   vertex 0.262262 0.000105554 0.321714
  endloop
 endfacet
 facet normal 0.116207 0.993054 -0.0184107
  outer loop
   vertex 0.262262 0.000105554 0.321714
   vertex 0.210225 0.000230541 0
   vertex 0.262222 0.000110199 0.321714
  endloop
 endfacet
 facet normal 0.971286 -0.17883 -0.156919
  outer loop
   vertex 0.210225 -0.000230541 0
   vertex 0.210308 0.000220823 0
   vertex 0.262222 -0.000110199 0.321714
  endloop
 endfacet
 facet normal 0.971307 -0.178713 -0.156922
  outer loop
   vertex 0.262222 -0.000110199 0.321714
   vertex 0.210308 0.000220823 0
   vertex 0.262262 0.000105554 0.321714
  endloop
 endfacet
 facet normal 0.115963 -0.993084 -0.0183714
  outer loop
   vertex 0.209975 -0.000259652 0
   vertex 0.210225 -0.000230541 0
   vertex 0.262103 -0.000124114 0.321714
  endloop
 endfacet
 facet normal 0.116006 -0.993078 -0.0183782
  outer loop
   vertex 0.262103 -0.000124114 0.321714
   vertex 0.210225 -0.000230541 0
   vertex 0.262222 -0.000110199 0.321714
  endloop
 endfacet
 facet normal 0.115753 -0.993109 -0.0183372
  outer loop
   vertex 0.20956 -0.000308024 0
   vertex 0.209975 -0.000259652 0
   vertex 0.261905 -0.000147236 0.321714
  endloop
 endfacet
 facet normal 0.115742 -0.99311 -0.0183354
  outer loop
   vertex 0.261905 -0.000147236 0.321714
   vertex 0.209975 -0.000259652 0
   vertex 0.262103 -0.000124114 0.321714
  endloop
 endfacet
 facet normal 0.115422 -0.993148 -0.0182833
  outer loop
   vertex 0.20898 -0.000375441 0
   vertex 0.20956 -0.000308024 0
   vertex 0.261628 -0.000179461 0.321714
  endloop
 endfacet
 facet normal 0.115422 -0.993148 -0.0182834
  outer loop
   vertex 0.261628 -0.000179461 0.321714
   vertex 0.20956 -0.000308024 0
   vertex 0.261905 -0.000147236 0.321714
  endloop
 endfacet
 facet normal 0.114972 -0.993202 -0.0182097
  outer loop
   vertex 0.208236 -0.000461602 0
   vertex 0.20898 -0.000375441 0
   vertex 0.261272 -0.000220646 0.321714
  endloop
 endfacet
 facet normal 0.114963 -0.993203 -0.0182083
  outer loop
   vertex 0.261272 -0.000220646 0.321714
   vertex 0.20898 -0.000375441 0
   vertex 0.261628 -0.000179461 0.321714
  endloop
 endfacet
 facet normal 0.11443 -0.993266 -0.0181203
  outer loop
   vertex 0.207329 -0.000566127 0
   vertex 0.208236 -0.000461602 0
   vertex 0.260838 -0.000270609 0.321714
  endloop
 endfacet
 facet normal 0.114423 -0.993267 -0.0181191
  outer loop
   vertex 0.260838 -0.000270609 0.321714
   vertex 0.208236 -0.000461602 0
   vertex 0.261272 -0.000220646 0.321714
  endloop
 endfacet
 facet normal 0.113789 -0.993342 -0.0180135
  outer loop
   vertex 0.20626 -0.000688559 0
   vertex 0.207329 -0.000566127 0
   vertex 0.260327 -0.000329131 0.321714
  endloop
 endfacet
 facet normal 0.113785 -0.993342 -0.018013
  outer loop
   vertex 0.260327 -0.000329131 0.321714
   vertex 0.207329 -0.000566127 0
   vertex 0.260838 -0.000270609 0.321714
  endloop
 endfacet
 facet normal 0.11304 -0.993429 -0.0178877
  outer loop
   vertex 0.205031 -0.000828371 0
   vertex 0.20626 -0.000688559 0
   vertex 0.25974 -0.000395962 0.321714
  endloop
 endfacet
 facet normal 0.113047 -0.993429 -0.0178888
  outer loop
   vertex 0.25974 -0.000395962 0.321714
   vertex 0.20626 -0.000688559 0
   vertex 0.260327 -0.000329131 0.321714
  endloop
 endfacet
 facet normal 0.112205 -0.993527 -0.0177456
  outer loop
   vertex 0.203645 -0.000984969 0
   vertex 0.205031 -0.000828371 0
   vertex 0.259077 -0.000470815 0.321714
  endloop
 endfacet
 facet normal 0.112204 -0.993527 -0.0177453
  outer loop
   vertex 0.259077 -0.000470815 0.321714
   vertex 0.205031 -0.000828371 0
   vertex 0.25974 -0.000395962 0.321714
  endloop
 endfacet
 facet normal 0.111273 -0.993634 -0.0175848
  outer loop
   vertex 0.202102 -0.0011577 0
   vertex 0.203645 -0.000984969 0
   vertex 0.25834 -0.000553379 0.321714
  endloop
 endfacet
 facet normal 0.111285 -0.993633 -0.0175869
  outer loop
   vertex 0.25834 -0.000553379 0.321714
   vertex 0.203645 -0.000984969 0
   vertex 0.259077 -0.000470815 0.321714
  endloop
 endfacet
 facet normal 0.11027 -0.993749 -0.0174093
  outer loop
   vertex 0.200407 -0.00134585 0
   vertex 0.202102 -0.0011577 0
   vertex 0.257529 -0.000643315 0.321714
  endloop
 endfacet
 facet normal 0.110269 -0.993749 -0.0174091
  outer loop
   vertex 0.257529 -0.000643315 0.321714
   vertex 0.202102 -0.0011577 0
   vertex 0.25834 -0.000553379 0.321714
  endloop
 endfacet
 facet normal 0.109177 -0.993873 -0.0172148
  outer loop
   vertex 0.19856 -0.00154866 0
   vertex 0.200407 -0.00134585 0
   vertex 0.256647 -0.000740261 0.321714
  endloop
 endfacet
 facet normal 0.109169 -0.993874 -0.0172134
  outer loop
   vertex 0.256647 -0.000740261 0.321714
   vertex 0.200407 -0.00134585 0
   vertex 0.257529 -0.000643315 0.321714
  endloop
 endfacet
 facet normal 0.108014 -0.994004 -0.0170046
  outer loop
   vertex 0.196566 -0.00176534 0
   vertex 0.19856 -0.00154866 0
   vertex 0.255694 -0.000843834 0.321714
  endloop
 endfacet
 facet normal 0.108017 -0.994004 -0.0170051
  outer loop
   vertex 0.255694 -0.000843834 0.321714
   vertex 0.19856 -0.00154866 0
   vertex 0.256647 -0.000740261 0.321714
  endloop
 endfacet
 facet normal 0.106786 -0.99414 -0.0167785
  outer loop
   vertex 0.194428 -0.00199505 0
   vertex 0.196566 -0.00176534 0
   vertex 0.254672 -0.000953634 0.321714
  endloop
 endfacet
 facet normal 0.106788 -0.99414 -0.0167788
  outer loop
   vertex 0.254672 -0.000953634 0.321714
   vertex 0.196566 -0.00176534 0
   vertex 0.255694 -0.000843834 0.321714
  endloop
 endfacet
 facet normal 0.105495 -0.994282 -0.0165362
  outer loop
   vertex 0.192148 -0.00223692 0
   vertex 0.194428 -0.00199505 0
   vertex 0.253582 -0.00106925 0.321714
  endloop
 endfacet
 facet normal 0.105488 -0.994283 -0.0165349
  outer loop
   vertex 0.253582 -0.00106925 0.321714
   vertex 0.194428 -0.00199505 0
   vertex 0.254672 -0.000953634 0.321714
  endloop
 endfacet
 facet normal 0.104137 -0.99443 -0.0162764
  outer loop
   vertex 0.189731 -0.00249006 0
   vertex 0.192148 -0.00223692 0
   vertex 0.252426 -0.00119025 0.321714
  endloop
 endfacet
 facet normal 0.104143 -0.994429 -0.0162774
  outer loop
   vertex 0.252426 -0.00119025 0.321714
   vertex 0.192148 -0.00223692 0
   vertex 0.253582 -0.00106925 0.321714
  endloop
 endfacet
 facet normal 0.102735 -0.99458 -0.0160026
  outer loop
   vertex 0.18718 -0.00275356 0
   vertex 0.189731 -0.00249006 0
   vertex 0.251207 -0.0013162 0.321714
  endloop
 endfacet
 facet normal 0.10273 -0.994581 -0.0160016
  outer loop
   vertex 0.251207 -0.0013162 0.321714
   vertex 0.189731 -0.00249006 0
   vertex 0.252426 -0.00119025 0.321714
  endloop
 endfacet
 facet normal 0.101274 -0.994734 -0.0157112
  outer loop
   vertex 0.184499 -0.00302648 0
   vertex 0.18718 -0.00275356 0
   vertex 0.249926 -0.00144666 0.321714
  endloop
 endfacet
 facet normal 0.101281 -0.994734 -0.0157124
  outer loop
   vertex 0.249926 -0.00144666 0.321714
   vertex 0.18718 -0.00275356 0
   vertex 0.251207 -0.0013162 0.321714
  endloop
 endfacet
 facet normal 0.0997707 -0.994891 -0.0154046
  outer loop
   vertex 0.181693 -0.00330788 0
   vertex 0.184499 -0.00302648 0
   vertex 0.248584 -0.00158117 0.321714
  endloop
 endfacet
 facet normal 0.0997726 -0.994891 -0.015405
  outer loop
   vertex 0.248584 -0.00158117 0.321714
   vertex 0.184499 -0.00302648 0
   vertex 0.249926 -0.00144666 0.321714
  endloop
 endfacet
 facet normal 0.0982209 -0.99505 -0.0150815
  outer loop
   vertex 0.178766 -0.00359682 0
   vertex 0.181693 -0.00330788 0
   vertex 0.247185 -0.00171928 0.321714
  endloop
 endfacet
 facet normal 0.0982169 -0.995051 -0.0150807
  outer loop
   vertex 0.247185 -0.00171928 0.321714
   vertex 0.181693 -0.00330788 0
   vertex 0.248584 -0.00158117 0.321714
  endloop
 endfacet
 facet normal 0.0966229 -0.995212 -0.0147407
  outer loop
   vertex 0.175722 -0.00389231 0
   vertex 0.178766 -0.00359682 0
   vertex 0.24573 -0.00186052 0.321714
  endloop
 endfacet
 facet normal 0.0966254 -0.995212 -0.0147413
  outer loop
   vertex 0.24573 -0.00186052 0.321714
   vertex 0.178766 -0.00359682 0
   vertex 0.247185 -0.00171928 0.321714
  endloop
 endfacet
 facet normal 0.0949877 -0.995375 -0.0143839
  outer loop
   vertex 0.172567 -0.0041934 0
   vertex 0.175722 -0.00389231 0
   vertex 0.244222 -0.00200445 0.321714
  endloop
 endfacet
 facet normal 0.0949833 -0.995375 -0.0143829
  outer loop
   vertex 0.244222 -0.00200445 0.321714
   vertex 0.175722 -0.00389231 0
   vertex 0.24573 -0.00186052 0.321714
  endloop
 endfacet
 facet normal 0.0933058 -0.995539 -0.0140081
  outer loop
   vertex 0.169306 -0.0044991 0
   vertex 0.172567 -0.0041934 0
   vertex 0.242663 -0.00215057 0.321714
  endloop
 endfacet
 facet normal 0.0933062 -0.995539 -0.0140082
  outer loop
   vertex 0.242663 -0.00215057 0.321714
   vertex 0.172567 -0.0041934 0
   vertex 0.244222 -0.00200445 0.321714
  endloop
 endfacet
 facet normal 0.091578 -0.995705 -0.013613
  outer loop
   vertex 0.165943 -0.00480842 0
   vertex 0.169306 -0.0044991 0
   vertex 0.241056 -0.00229843 0.321714
  endloop
 endfacet
 facet normal 0.0915783 -0.995705 -0.013613
  outer loop
   vertex 0.241056 -0.00229843 0.321714
   vertex 0.169306 -0.0044991 0
   vertex 0.242663 -0.00215057 0.321714
  endloop
 endfacet
 facet normal 0.0898072 -0.995872 -0.0131982
  outer loop
   vertex 0.162483 -0.00512037 0
   vertex 0.165943 -0.00480842 0
   vertex 0.239402 -0.00244754 0.321714
  endloop
 endfacet
 facet normal 0.0898069 -0.995872 -0.0131981
  outer loop
   vertex 0.239402 -0.00244754 0.321714
   vertex 0.165943 -0.00480842 0
   vertex 0.241056 -0.00229843 0.321714
  endloop
 endfacet
 facet normal 0.0879783 -0.996041 -0.0127596
  outer loop
   vertex 0.158933 -0.00543394 0
   vertex 0.162483 -0.00512037 0
   vertex 0.237705 -0.00259742 0.321714
  endloop
 endfacet
 facet normal 0.0879838 -0.99604 -0.0127609
  outer loop
   vertex 0.237705 -0.00259742 0.321714
   vertex 0.162483 -0.00512037 0
   vertex 0.239402 -0.00244754 0.321714
  endloop
 endfacet
 facet normal 0.0861015 -0.99621 -0.0122985
  outer loop
   vertex 0.155298 -0.0057481 0
   vertex 0.158933 -0.00543394 0
   vertex 0.235968 -0.00274759 0.321714
  endloop
 endfacet
 facet normal 0.0860959 -0.996211 -0.0122972
  outer loop
   vertex 0.235968 -0.00274759 0.321714
   vertex 0.158933 -0.00543394 0
   vertex 0.237705 -0.00259742 0.321714
  endloop
 endfacet
 facet normal 0.0841569 -0.996383 -0.0118093
  outer loop
   vertex 0.151584 -0.00606182 0
   vertex 0.155298 -0.0057481 0
   vertex 0.234192 -0.00289755 0.321714
  endloop
 endfacet
 facet normal 0.0841577 -0.996382 -0.0118095
  outer loop
   vertex 0.234192 -0.00289755 0.321714
   vertex 0.155298 -0.0057481 0
   vertex 0.235968 -0.00274759 0.321714
  endloop
 endfacet
 facet normal 0.0821486 -0.996556 -0.0112919
  outer loop
   vertex 0.147796 -0.00637404 0
   vertex 0.151584 -0.00606182 0
   vertex 0.232382 -0.00304679 0.321714
  endloop
 endfacet
 facet normal 0.0821478 -0.996556 -0.0112917
  outer loop
   vertex 0.232382 -0.00304679 0.321714
   vertex 0.151584 -0.00606182 0
   vertex 0.234192 -0.00289755 0.321714
  endloop
 endfacet
 facet normal 0.0800601 -0.996732 -0.010741
  outer loop
   vertex 0.143941 -0.00668369 0
   vertex 0.147796 -0.00637404 0
   vertex 0.230539 -0.0031948 0.321714
  endloop
 endfacet
 facet normal 0.0800612 -0.996732 -0.0107413
  outer loop
   vertex 0.230539 -0.0031948 0.321714
   vertex 0.147796 -0.00637404 0
   vertex 0.232382 -0.00304679 0.321714
  endloop
 endfacet
 facet normal 0.0778881 -0.99691 -0.0101544
  outer loop
   vertex 0.140025 -0.00698968 0
   vertex 0.143941 -0.00668369 0
   vertex 0.228667 -0.00334106 0.321714
  endloop
 endfacet
 facet normal 0.0778901 -0.99691 -0.0101549
  outer loop
   vertex 0.228667 -0.00334106 0.321714
   vertex 0.143941 -0.00668369 0
   vertex 0.230539 -0.0031948 0.321714
  endloop
 endfacet
 facet normal 0.0756177 -0.997091 -0.00952679
  outer loop
   vertex 0.136053 -0.00729088 0
   vertex 0.140025 -0.00698968 0
   vertex 0.226768 -0.00348504 0.321714
  endloop
 endfacet
 facet normal 0.0756145 -0.997092 -0.00952592
  outer loop
   vertex 0.226768 -0.00348504 0.321714
   vertex 0.140025 -0.00698968 0
   vertex 0.228667 -0.00334106 0.321714
  endloop
 endfacet
 facet normal 0.0732437 -0.997275 -0.00885521
  outer loop
   vertex 0.132033 -0.00758615 0
   vertex 0.136053 -0.00729088 0
   vertex 0.224847 -0.00362618 0.321714
  endloop
 endfacet
 facet normal 0.0732458 -0.997275 -0.0088558
  outer loop
   vertex 0.224847 -0.00362618 0.321714
   vertex 0.136053 -0.00729088 0
   vertex 0.226768 -0.00348504 0.321714
  endloop
 endfacet
 facet normal 0.0707484 -0.997461 -0.00813304
  outer loop
   vertex 0.12797 -0.00787432 0
   vertex 0.132033 -0.00758615 0
   vertex 0.222905 -0.00376393 0.321714
  endloop
 endfacet
 facet normal 0.0707473 -0.997461 -0.00813272
  outer loop
   vertex 0.222905 -0.00376393 0.321714
   vertex 0.132033 -0.00758615 0
   vertex 0.224847 -0.00362618 0.321714
  endloop
 endfacet
 facet normal 0.0681215 -0.99765 -0.00735545
  outer loop
   vertex 0.123871 -0.00815421 0
   vertex 0.12797 -0.00787432 0
   vertex 0.220945 -0.00389771 0.321714
  endloop
 endfacet
 facet normal 0.0681223 -0.99765 -0.00735569
  outer loop
   vertex 0.220945 -0.00389771 0.321714
   vertex 0.12797 -0.00787432 0
   vertex 0.222905 -0.00376393 0.321714
  endloop
 endfacet
 facet normal 0.0653491 -0.997841 -0.00651636
  outer loop
   vertex 0.119742 -0.0084246 0
   vertex 0.123871 -0.00815421 0
   vertex 0.218972 -0.00402696 0.321714
  endloop
 endfacet
 facet normal 0.065348 -0.997841 -0.00651602
  outer loop
   vertex 0.218972 -0.00402696 0.321714
   vertex 0.123871 -0.00815421 0
   vertex 0.220945 -0.00389771 0.321714
  endloop
 endfacet
 facet normal 0.0624167 -0.998034 -0.00560925
  outer loop
   vertex 0.115591 -0.00868424 0
   vertex 0.119742 -0.0084246 0
   vertex 0.216987 -0.00415107 0.321714
  endloop
 endfacet
 facet normal 0.0624172 -0.998034 -0.00560941
  outer loop
   vertex 0.216987 -0.00415107 0.321714
   vertex 0.119742 -0.0084246 0
   vertex 0.218972 -0.00402696 0.321714
  endloop
 endfacet
 facet normal 0.0593112 -0.998229 -0.00462774
  outer loop
   vertex 0.111423 -0.00893189 0
   vertex 0.115591 -0.00868424 0
   vertex 0.214995 -0.00426945 0.321714
  endloop
 endfacet
 facet normal 0.0593128 -0.998229 -0.00462824
  outer loop
   vertex 0.214995 -0.00426945 0.321714
   vertex 0.115591 -0.00868424 0
   vertex 0.216987 -0.00415107 0.321714
  endloop
 endfacet
 facet normal 0.0560132 -0.998424 -0.00356315
  outer loop
   vertex 0.107245 -0.00916629 0
   vertex 0.111423 -0.00893189 0
   vertex 0.212998 -0.00438149 0.321714
  endloop
 endfacet
 facet normal 0.0560112 -0.998424 -0.00356252
  outer loop
   vertex 0.212998 -0.00438149 0.321714
   vertex 0.111423 -0.00893189 0
   vertex 0.214995 -0.00426945 0.321714
  endloop
 endfacet
 facet normal 0.0525103 -0.998617 -0.0024088
  outer loop
   vertex 0.103063 -0.00938616 0
   vertex 0.107245 -0.00916629 0
   vertex 0.210999 -0.00448659 0.321714
  endloop
 endfacet
 facet normal 0.0525106 -0.998617 -0.00240891
  outer loop
   vertex 0.210999 -0.00448659 0.321714
   vertex 0.107245 -0.00916629 0
   vertex 0.212998 -0.00438149 0.321714
  endloop
 endfacet
 facet normal 0.0487856 -0.998809 -0.00115625
  outer loop
   vertex 0.0988851 -0.00959024 0
   vertex 0.103063 -0.00938616 0
   vertex 0.209002 -0.00458413 0.321714
  endloop
 endfacet
 facet normal 0.0487863 -0.998809 -0.00115648
  outer loop
   vertex 0.209002 -0.00458413 0.321714
   vertex 0.103063 -0.00938616 0
   vertex 0.210999 -0.00448659 0.321714
  endloop
 endfacet
 facet normal 0.044822 -0.998995 0.000203311
  outer loop
   vertex 0.094717 -0.00977725 0
   vertex 0.0988851 -0.00959024 0
   vertex 0.20701 -0.00467353 0.321714
  endloop
 endfacet
 facet normal 0.0448213 -0.998995 0.00020354
  outer loop
   vertex 0.20701 -0.00467353 0.321714
   vertex 0.0988851 -0.00959024 0
   vertex 0.209002 -0.00458413 0.321714
  endloop
 endfacet
 facet normal 0.0406027 -0.999174 0.00167888
  outer loop
   vertex 0.0905653 -0.00994596 0
   vertex 0.094717 -0.00977725 0
   vertex 0.205025 -0.00475417 0.321714
  endloop
 endfacet
 facet normal 0.0406026 -0.999174 0.00167892
  outer loop
   vertex 0.205025 -0.00475417 0.321714
   vertex 0.094717 -0.00977725 0
   vertex 0.20701 -0.00467353 0.321714
  endloop
 endfacet
 facet normal 0.0361104 -0.999342 0.00327986
  outer loop
   vertex 0.0864367 -0.0100951 0
   vertex 0.0905653 -0.00994596 0
   vertex 0.203052 -0.00482548 0.321714
  endloop
 endfacet
 facet normal 0.036112 -0.999342 0.00327931
  outer loop
   vertex 0.203052 -0.00482548 0.321714
   vertex 0.0905653 -0.00994596 0
   vertex 0.205025 -0.00475417 0.321714
  endloop
 endfacet
 facet normal 0.0313283 -0.999497 0.00501579
  outer loop
   vertex 0.0823377 -0.0102236 0
   vertex 0.0864367 -0.0100951 0
   vertex 0.201092 -0.00488689 0.321714
  endloop
 endfacet
 facet normal 0.031329 -0.999497 0.00501554
  outer loop
   vertex 0.201092 -0.00488689 0.321714
   vertex 0.0864367 -0.0100951 0
   vertex 0.203052 -0.00482548 0.321714
  endloop
 endfacet
 facet normal 0.0262401 -0.999632 0.00689627
  outer loop
   vertex 0.0782748 -0.0103303 0
   vertex 0.0823377 -0.0102236 0
   vertex 0.19915 -0.00493787 0.321714
  endloop
 endfacet
 facet normal 0.0262382 -0.999632 0.00689696
  outer loop
   vertex 0.19915 -0.00493787 0.321714
   vertex 0.0823377 -0.0102236 0
   vertex 0.201092 -0.00488689 0.321714
  endloop
 endfacet
 facet normal 0.0208207 -0.999743 0.00893432
  outer loop
   vertex 0.0742544 -0.010414 0
   vertex 0.0782748 -0.0103303 0
   vertex 0.197229 -0.00497789 0.321714
  endloop
 endfacet
 facet normal 0.0208219 -0.999743 0.00893388
  outer loop
   vertex 0.197229 -0.00497789 0.321714
   vertex 0.0782748 -0.0103303 0
   vertex 0.19915 -0.00493787 0.321714
  endloop
 endfacet
 facet normal 0.015062 -0.999825 0.011137
  outer loop
   vertex 0.0702828 -0.0104738 0
   vertex 0.0742544 -0.010414 0
   vertex 0.19533 -0.00500649 0.321714
  endloop
 endfacet
 facet normal 0.0150605 -0.999825 0.0111375
  outer loop
   vertex 0.19533 -0.00500649 0.321714
   vertex 0.0742544 -0.010414 0
   vertex 0.197229 -0.00497789 0.321714
  endloop
 endfacet
 facet normal 0.00893319 -0.999869 0.0135199
  outer loop
   vertex 0.0663664 -0.0105088 0
   vertex 0.0702828 -0.0104738 0
   vertex 0.193458 -0.00502322 0.321714
  endloop
 endfacet
 facet normal 0.00893369 -0.999869 0.0135197
  outer loop
   vertex 0.193458 -0.00502322 0.321714
   vertex 0.0702828 -0.0104738 0
   vertex 0.19533 -0.00500649 0.321714
  endloop
 endfacet
 facet normal 0.00241986 -0.999868 0.016093
  outer loop
   vertex 0.0625113 -0.0105182 0
   vertex 0.0663664 -0.0105088 0
   vertex 0.191615 -0.00502768 0.321714
  endloop
 endfacet
 facet normal 0.00241997 -0.999868 0.0160929
  outer loop
   vertex 0.191615 -0.00502768 0.321714
   vertex 0.0663664 -0.0105088 0
   vertex 0.193458 -0.00502322 0.321714
  endloop
 endfacet
 facet normal -0.00450324 -0.999812 0.0188702
  outer loop
   vertex 0.0587237 -0.0105011 0
   vertex 0.0625113 -0.0105182 0
   vertex 0.189805 -0.00501952 0.321714
  endloop
 endfacet
 facet normal -0.0045022 -0.999812 0.0188698
  outer loop
   vertex 0.189805 -0.00501952 0.321714
   vertex 0.0625113 -0.0105182 0
   vertex 0.191615 -0.00502768 0.321714
  endloop
 endfacet
 facet normal -0.0118562 -0.999691 0.0218641
  outer loop
   vertex 0.0550094 -0.010457 0
   vertex 0.0587237 -0.0105011 0
   vertex 0.188029 -0.00499846 0.321714
  endloop
 endfacet
 facet normal -0.0118585 -0.999691 0.021865
  outer loop
   vertex 0.188029 -0.00499846 0.321714
   vertex 0.0587237 -0.0105011 0
   vertex 0.189805 -0.00501952 0.321714
  endloop
 endfacet
 facet normal -0.0196766 -0.999491 0.0250943
  outer loop
   vertex 0.0513745 -0.0103855 0
   vertex 0.0550094 -0.010457 0
   vertex 0.186292 -0.00496426 0.321714
  endloop
 endfacet
 facet normal -0.0196753 -0.999491 0.0250937
  outer loop
   vertex 0.186292 -0.00496426 0.321714
   vertex 0.0550094 -0.010457 0
   vertex 0.188029 -0.00499846 0.321714
  endloop
 endfacet
 facet normal -0.0279837 -0.9992 0.0285731
  outer loop
   vertex 0.0478245 -0.0102861 0
   vertex 0.0513745 -0.0103855 0
   vertex 0.184595 -0.00491674 0.321714
  endloop
 endfacet
 facet normal -0.0279857 -0.9992 0.0285739
  outer loop
   vertex 0.184595 -0.00491674 0.321714
   vertex 0.0513745 -0.0103855 0
   vertex 0.186292 -0.00496426 0.321714
  endloop
 endfacet
 facet normal -0.0368218 -0.998799 0.0323238
  outer loop
   vertex 0.0443653 -0.0101585 0
   vertex 0.0478245 -0.0102861 0
   vertex 0.182942 -0.00485578 0.321714
  endloop
 endfacet
 facet normal -0.036819 -0.998799 0.0323226
  outer loop
   vertex 0.182942 -0.00485578 0.321714
   vertex 0.0478245 -0.0102861 0
   vertex 0.184595 -0.00491674 0.321714
  endloop
 endfacet
 facet normal -0.0462247 -0.998269 0.0363653
  outer loop
   vertex 0.0410021 -0.0100028 0
   vertex 0.0443653 -0.0101585 0
   vertex 0.181334 -0.00478134 0.321714
  endloop
 endfacet
 facet normal -0.0462251 -0.998269 0.0363654
  outer loop
   vertex 0.181334 -0.00478134 0.321714
   vertex 0.0443653 -0.0101585 0
   vertex 0.182942 -0.00485578 0.321714
  endloop
 endfacet
 facet normal -0.0562474 -0.997586 0.0407261
  outer loop
   vertex 0.0377404 -0.00981889 0
   vertex 0.0410021 -0.0100028 0
   vertex 0.179775 -0.00469343 0.321714
  endloop
 endfacet
 facet normal -0.0562474 -0.997586 0.0407261
  outer loop
   vertex 0.179775 -0.00469343 0.321714
   vertex 0.0410021 -0.0100028 0
   vertex 0.181334 -0.00478134 0.321714
  endloop
 endfacet
 facet normal -0.0669444 -0.996722 0.045435
  outer loop
   vertex 0.0345853 -0.00960698 0
   vertex 0.0377404 -0.00981889 0
   vertex 0.178267 -0.00459214 0.321714
  endloop
 endfacet
 facet normal -0.0669463 -0.996722 0.0454358
  outer loop
   vertex 0.178267 -0.00459214 0.321714
   vertex 0.0377404 -0.00981889 0
   vertex 0.179775 -0.00469343 0.321714
  endloop
 endfacet
 facet normal -0.078386 -0.995642 0.0505281
  outer loop
   vertex 0.0315417 -0.00936737 0
   vertex 0.0345853 -0.00960698 0
   vertex 0.176812 -0.0044776 0.321714
  endloop
 endfacet
 facet normal -0.0783865 -0.995642 0.0505283
  outer loop
   vertex 0.176812 -0.0044776 0.321714
   vertex 0.0345853 -0.00960698 0
   vertex 0.178267 -0.00459214 0.321714
  endloop
 endfacet
 facet normal -0.0906571 -0.994304 0.0560488
  outer loop
   vertex 0.0286146 -0.00910048 0
   vertex 0.0315417 -0.00936737 0
   vertex 0.175413 -0.00435003 0.321714
  endloop
 endfacet
 facet normal -0.0906557 -0.994304 0.0560482
  outer loop
   vertex 0.175413 -0.00435003 0.321714
   vertex 0.0315417 -0.00936737 0
   vertex 0.176812 -0.0044776 0.321714
  endloop
 endfacet
 facet normal -0.10386 -0.992655 0.0620489
  outer loop
   vertex 0.0258085 -0.00880688 0
   vertex 0.0286146 -0.00910048 0
   vertex 0.174072 -0.00420969 0.321714
  endloop
 endfacet
 facet normal -0.103862 -0.992654 0.0620499
  outer loop
   vertex 0.174072 -0.00420969 0.321714
   vertex 0.0286146 -0.00910048 0
   vertex 0.175413 -0.00435003 0.321714
  endloop
 endfacet
 facet normal -0.118124 -0.990627 0.0685934
  outer loop
   vertex 0.0231278 -0.00848723 0
   vertex 0.0258085 -0.00880688 0
   vertex 0.17279 -0.0040569 0.321714
  endloop
 endfacet
 facet normal -0.118119 -0.990628 0.0685913
  outer loop
   vertex 0.17279 -0.0040569 0.321714
   vertex 0.0258085 -0.00880688 0
   vertex 0.174072 -0.00420969 0.321714
  endloop
 endfacet
 facet normal -0.133607 -0.988134 0.0757621
  outer loop
   vertex 0.0205769 -0.00814232 0
   vertex 0.0231278 -0.00848723 0
   vertex 0.171571 -0.00389203 0.321714
  endloop
 endfacet
 facet normal -0.133613 -0.988133 0.0757646
  outer loop
   vertex 0.171571 -0.00389203 0.321714
   vertex 0.0231278 -0.00848723 0
   vertex 0.17279 -0.0040569 0.321714
  endloop
 endfacet
 facet normal -0.150505 -0.985064 0.0836522
  outer loop
   vertex 0.0181597 -0.007773 0
   vertex 0.0205769 -0.00814232 0
   vertex 0.170415 -0.00371549 0.321714
  endloop
 endfacet
 facet normal -0.150498 -0.985065 0.083649
  outer loop
   vertex 0.170415 -0.00371549 0.321714
   vertex 0.0205769 -0.00814232 0
   vertex 0.171571 -0.00389203 0.321714
  endloop
 endfacet
 facet normal -0.16907 -0.981264 0.0923904
  outer loop
   vertex 0.01588 -0.00738021 0
   vertex 0.0181597 -0.007773 0
   vertex 0.169326 -0.00352774 0.321714
  endloop
 endfacet
 facet normal -0.16908 -0.981262 0.0923952
  outer loop
   vertex 0.169326 -0.00352774 0.321714
   vertex 0.0181597 -0.007773 0
   vertex 0.170415 -0.00371549 0.321714
  endloop
 endfacet
 facet normal -0.18961 -0.976533 0.102131
  outer loop
   vertex 0.0137415 -0.00696499 0
   vertex 0.01588 -0.00738021 0
   vertex 0.168303 -0.00332926 0.321714
  endloop
 endfacet
 facet normal -0.189595 -0.976537 0.102124
  outer loop
   vertex 0.168303 -0.00332926 0.321714
   vertex 0.01588 -0.00738021 0
   vertex 0.169326 -0.00352774 0.321714
  endloop
 endfacet
 facet normal -0.212529 -0.97059 0.113075
  outer loop
   vertex 0.0117475 -0.00652837 0
   vertex 0.0137415 -0.00696499 0
   vertex 0.16735 -0.00312056 0.321714
  endloop
 endfacet
 facet normal -0.212533 -0.970589 0.113077
  outer loop
   vertex 0.16735 -0.00312056 0.321714
   vertex 0.0137415 -0.00696499 0
   vertex 0.168303 -0.00332926 0.321714
  endloop
 endfacet
 facet normal -0.238333 -0.963044 0.125475
  outer loop
   vertex 0.00990125 -0.00607146 0
   vertex 0.0117475 -0.00652837 0
   vertex 0.166468 -0.00290216 0.321714
  endloop
 endfacet
 facet normal -0.238335 -0.963043 0.125476
  outer loop
   vertex 0.166468 -0.00290216 0.321714
   vertex 0.0117475 -0.00652837 0
   vertex 0.16735 -0.00312056 0.321714
  endloop
 endfacet
 facet normal -0.267675 -0.953334 0.139659
  outer loop
   vertex 0.0082056 -0.00559536 0
   vertex 0.00990125 -0.00607146 0
   vertex 0.165657 -0.00267458 0.321714
  endloop
 endfacet
 facet normal -0.267681 -0.953332 0.139662
  outer loop
   vertex 0.165657 -0.00267458 0.321714
   vertex 0.00990125 -0.00607146 0
   vertex 0.166468 -0.00290216 0.321714
  endloop
 endfacet
 facet normal -0.301392 -0.940645 0.156045
  outer loop
   vertex 0.00666323 -0.00510117 0
   vertex 0.0082056 -0.00559536 0
   vertex 0.16492 -0.00243836 0.321714
  endloop
 endfacet
 facet normal -0.301375 -0.940652 0.156037
  outer loop
   vertex 0.16492 -0.00243836 0.321714
   vertex 0.0082056 -0.00559536 0
   vertex 0.165657 -0.00267458 0.321714
  endloop
 endfacet
 facet normal -0.340551 -0.923765 0.175169
  outer loop
   vertex 0.00527661 -0.00458998 0
   vertex 0.00666323 -0.00510117 0
   vertex 0.164257 -0.00219401 0.321714
  endloop
 endfacet
 facet normal -0.340552 -0.923764 0.175169
  outer loop
   vertex 0.164257 -0.00219401 0.321714
   vertex 0.00666323 -0.00510117 0
   vertex 0.16492 -0.00243836 0.321714
  endloop
 endfacet
 facet normal -0.386486 -0.900857 0.197698
  outer loop
   vertex 0.00404791 -0.00406285 0
   vertex 0.00527661 -0.00458998 0
   vertex 0.16367 -0.00194204 0.321714
  endloop
 endfacet
 facet normal -0.386497 -0.900852 0.197703
  outer loop
   vertex 0.16367 -0.00194204 0.321714
   vertex 0.00527661 -0.00458998 0
   vertex 0.164257 -0.00219401 0.321714
  endloop
 endfacet
 facet normal -0.440791 -0.869099 0.224433
  outer loop
   vertex 0.00297908 -0.00352076 0
   vertex 0.00404791 -0.00406285 0
   vertex 0.163159 -0.00168292 0.321714
  endloop
 endfacet
 facet normal -0.440791 -0.869099 0.224433
  outer loop
   vertex 0.163159 -0.00168292 0.321714
   vertex 0.00404791 -0.00406285 0
   vertex 0.16367 -0.00194204 0.321714
  endloop
 endfacet
 facet normal -0.505149 -0.824121 0.256219
  outer loop
   vertex 0.00207181 -0.00296464 0
   vertex 0.00297908 -0.00352076 0
   vertex 0.162725 -0.0014171 0.321714
  endloop
 endfacet
 facet normal -0.50513 -0.824136 0.25621
  outer loop
   vertex 0.162725 -0.0014171 0.321714
   vertex 0.00297908 -0.00352076 0
   vertex 0.163159 -0.00168292 0.321714
  endloop
 endfacet
 facet normal -0.580755 -0.759266 0.293663
  outer loop
   vertex 0.00132753 -0.00239535 0
   vertex 0.00207181 -0.00296464 0
   vertex 0.16237 -0.00114498 0.321714
  endloop
 endfacet
 facet normal -0.580811 -0.759213 0.29369
  outer loop
   vertex 0.16237 -0.00114498 0.321714
   vertex 0.00207181 -0.00296464 0
   vertex 0.162725 -0.0014171 0.321714
  endloop
 endfacet
 facet normal -0.666819 -0.664983 0.336377
  outer loop
   vertex 0.000747426 -0.00181364 0
   vertex 0.00132753 -0.00239535 0
   vertex 0.162092 -0.000866921 0.321714
  endloop
 endfacet
 facet normal -0.666814 -0.66499 0.336375
  outer loop
   vertex 0.162092 -0.000866921 0.321714
   vertex 0.00132753 -0.00239535 0
   vertex 0.16237 -0.00114498 0.321714
  endloop
 endfacet
 facet normal -0.757529 -0.529745 0.381472
  outer loop
   vertex 0.000332408 -0.00122017 0
   vertex 0.000747426 -0.00181364 0
   vertex 0.161894 -0.000583242 0.321714
  endloop
 endfacet
 facet normal -0.757512 -0.529775 0.381463
  outer loop
   vertex 0.161894 -0.000583242 0.321714
   vertex 0.000747426 -0.00181364 0
   vertex 0.162092 -0.000866921 0.321714
  endloop
 endfacet
 facet normal -0.838311 -0.34558 0.421675
  outer loop
   vertex 8.3135e-05 -0.000615483 0
   vertex 0.000332408 -0.00122017 0
   vertex 0.161775 -0.000294201 0.321714
  endloop
 endfacet
 facet normal -0.838351 -0.345458 0.421695
  outer loop
   vertex 0.161775 -0.000294201 0.321714
   vertex 0.000332408 -0.00122017 0
   vertex 0.161894 -0.000583242 0.321714
  endloop
 endfacet
 facet normal -0.887014 -0.119811 0.445928
  outer loop
   vertex 0 -0 0
   vertex 8.3135e-05 -0.000615483 0
   vertex 0.161735 0 0.321714
  endloop
 endfacet
 facet normal -0.886994 -0.119997 0.445918
  outer loop
   vertex 0.161735 0 0.321714
   vertex 8.3135e-05 -0.000615483 0
   vertex 0.161775 -0.000294201 0.321714
  endloop
 endfacet
 facet normal 0 0 0
  outer loop
   vertex 0 -0 0
   vertex 0 -0 0
   vertex 0.161735 0 0.321714
  endloop
 endfacet
 facet normal 0 0 0
  outer loop
   vertex 0.161735 0 0.321714
   vertex 0 -0 0
   vertex 0.161735 0 0.321714
  endloop
 endfacet
 facet normal 0 -0 -1
  outer loop
   vertex 8.3135e-05 0.000615483 0
   vertex 0.104493 1.38883e-06 0
   vertex 0 -0 0
  endloop
 endfacet
 facet normal 0 -0 -1
  outer loop
   vertex 0.000332408 0.00122017 0
   vertex 0.104493 1.38883e-06 0
   vertex 8.3135e-05 0.000615483 0
  endloop
 endfacet
 facet normal 0 -0 -1
  outer loop
   vertex 0.000747426 0.00181364 0
   vertex 0.104493 1.38883e-06 0
   vertex 0.000332408 0.00122017 0
  endloop
 endfacet
 facet normal 0 -0 -1
  outer loop
   vertex 0.00132753 0.00239535 0
   vertex 0.104493 1.38883e-06 0
   vertex 0.000747426 0.00181364 0
  endloop
 endfacet
 facet normal 0 -0 -1
  outer loop
   vertex 0.00207181 0.00296464 0
   vertex 0.104493 1.38883e-06 0
   vertex 0.00132753 0.00239535 0
  endloop
 endfacet
 facet normal 0 -0 -1
  outer loop
   vertex 0.00297908 0.00352076 0
   vertex 0.104493 1.38883e-06 0
   vertex 0.00207181 0.00296464 0
  endloop
 endfacet
 facet normal 0 -0 -1
  outer loop
   vertex 0.00404791 0.00406285 0
   vertex 0.104493 1.38883e-06 0
   vertex 0.00297908 0.00352076 0
  endloop
 endfacet
 facet normal 0 -0 -1
  outer loop
   vertex 0.00527661 0.00458998 0
   vertex 0.104493 1.38883e-06 0
   vertex 0.00404791 0.00406285 0
  endloop
 endfacet
 facet normal 0 -0 -1
  outer loop
   vertex 0.00666323 0.00510117 0
   vertex 0.104493 1.38883e-06 0
   vertex 0.00527661 0.00458998 0
  endloop
 endfacet
 facet normal 0 -0 -1
  outer loop
   vertex 0.0082056 0.00559536 0
   vertex 0.104493 1.38883e-06 0
   vertex 0.00666323 0.00510117 0
  endloop
 endfacet
 facet normal 0 -0 -1
  outer loop
   vertex 0.00990125 0.00607146 0
   vertex 0.104493 1.38883e-06 0
   vertex 0.0082056 0.00559536 0
  endloop
 endfacet
 facet normal 0 -0 -1
  outer loop
   vertex 0.0117475 0.00652837 0
   vertex 0.104493 1.38883e-06 0
   vertex 0.00990125 0.00607146 0
  endloop
 endfacet
 facet normal 0 -0 -1
  outer loop
   vertex 0.0137415 0.00696499 0
   vertex 0.104493 1.38883e-06 0
   vertex 0.0117475 0.00652837 0
  endloop
 endfacet
 facet normal 0 -0 -1
  outer loop
   vertex 0.01588 0.00738021 0
   vertex 0.104493 1.38883e-06 0
   vertex 0.0137415 0.00696499 0
  endloop
 endfacet
 facet normal 0 -0 -1
  outer loop
   vertex 0.0181597 0.007773 0
   vertex 0.104493 1.38883e-06 0
   vertex 0.01588 0.00738021 0
  endloop
 endfacet
 facet normal 0 -0 -1
  outer loop
   vertex 0.0205769 0.00814232 0
   vertex 0.104493 1.38883e-06 0
   vertex 0.0181597 0.007773 0
  endloop
 endfacet
 facet normal 0 -0 -1
  outer loop
   vertex 0.0231278 0.00848723 0
   vertex 0.104493 1.38883e-06 0
   vertex 0.0205769 0.00814232 0
  endloop
 endfacet
 facet normal 0 -0 -1
  outer loop
   vertex 0.0258085 0.00880688 0
   vertex 0.104493 1.38883e-06 0
   vertex 0.0231278 0.00848723 0
  endloop
 endfacet
 facet normal 0 -0 -1
  outer loop
   vertex 0.0286146 0.00910048 0
   vertex 0.104493 1.38883e-06 0
   vertex 0.0258085 0.00880688 0
  endloop
 endfacet
 facet normal 0 -0 -1
  outer loop
   vertex 0.0315417 0.00936737 0
   vertex 0.104493 1.38883e-06 0
   vertex 0.0286146 0.00910048 0
  endloop
 endfacet
 facet normal 0 -0 -1
  outer loop
   vertex 0.0345853 0.00960698 0
   vertex 0.104493 1.38883e-06 0
   vertex 0.0315417 0.00936737 0
  endloop
 endfacet
 facet normal 0 -0 -1
  outer loop
   vertex 0.0377404 0.00981889 0
   vertex 0.104493 1.38883e-06 0
   vertex 0.0345853 0.00960698 0
  endloop
 endfacet
 facet normal 0 -0 -1
  outer loop
   vertex 0.0410021 0.0100028 0
   vertex 0.104493 1.38883e-06 0
   vertex 0.0377404 0.00981889 0
  endloop
 endfacet
 facet normal 0 -0 -1
  outer loop
   vertex 0.0443653 0.0101585 0
   vertex 0.104493 1.38883e-06 0
   vertex 0.0410021 0.0100028 0
  endloop
 endfacet
 facet normal 0 -0 -1
  outer loop
   vertex 0.0478245 0.0102861 0
   vertex 0.104493 1.38883e-06 0
   vertex 0.0443653 0.0101585 0
  endloop
 endfacet
 facet normal 0 -0 -1
  outer loop
   vertex 0.0513745 0.0103855 0
   vertex 0.104493 1.38883e-06 0
   vertex 0.0478245 0.0102861 0
  endloop
 endfacet
 facet normal 0 -0 -1
  outer loop
   vertex 0.0550094 0.010457 0
   vertex 0.104493 1.38883e-06 0
   vertex 0.0513745 0.0103855 0
  endloop
 endfacet
 facet normal 0 -0 -1
  outer loop
   vertex 0.0587237 0.0105011 0
   vertex 0.104493 1.38883e-06 0
   vertex 0.0550094 0.010457 0
  endloop
 endfacet
 facet normal 0 -0 -1
  outer loop
   vertex 0.0625113 0.0105182 0
   vertex 0.104493 1.38883e-06 0
   vertex 0.0587237 0.0105011 0
  endloop
 endfacet
 facet normal -0 -0 -1
  outer loop
   vertex 0.0663664 0.0105088 0
   vertex 0.104493 1.38883e-06 0
   vertex 0.0625113 0.0105182 0
  endloop
 endfacet
 facet normal -0 -0 -1
  outer loop
   vertex 0.0702828 0.0104738 0
   vertex 0.104493 1.38883e-06 0
   vertex 0.0663664 0.0105088 0
  endloop
 endfacet
 facet normal -0 -0 -1
  outer loop
   vertex 0.0742544 0.010414 0
   vertex 0.104493 1.38883e-06 0
   vertex 0.0702828 0.0104738 0
  endloop
 endfacet
 facet normal -0 -0 -1
  outer loop
   vertex 0.0782748 0.0103303 0
   vertex 0.104493 1.38883e-06 0
   vertex 0.0742544 0.010414 0
  endloop
 endfacet
 facet normal -0 -0 -1
  outer loop
   vertex 0.0823377 0.0102236 0
   vertex 0.104493 1.38883e-06 0
   vertex 0.0782748 0.0103303 0
  endloop
 endfacet
 facet normal -0 -0 -1
  outer loop
   vertex 0.0864367 0.0100951 0
   vertex 0.104493 1.38883e-06 0
   vertex 0.0823377 0.0102236 0
  endloop
 endfacet
 facet normal -0 -0 -1
  outer loop
   vertex 0.0905653 0.00994596 0
   vertex 0.104493 1.38883e-06 0
   vertex 0.0864367 0.0100951 0
  endloop
 endfacet
 facet normal -0 -0 -1
  outer loop
   vertex 0.094717 0.00977725 0
   vertex 0.104493 1.38883e-06 0
   vertex 0.0905653 0.00994596 0
  endloop
 endfacet
 facet normal -0 -0 -1
  outer loop
   vertex 0.0988851 0.00959024 0
   vertex 0.104493 1.38883e-06 0
   vertex 0.094717 0.00977725 0
  endloop
 endfacet
 facet normal -0 -0 -1
  outer loop
   vertex 0.103063 0.00938616 0
   vertex 0.104493 1.38883e-06 0
   vertex 0.0988851 0.00959024 0
  endloop
 endfacet
 facet normal -0 0 -1
  outer loop
   vertex 0.107245 0.00916629 0
   vertex 0.104493 1.38883e-06 0
   vertex 0.103063 0.00938616 0
  endloop
 endfacet
 facet normal -0 0 -1
  outer loop
   vertex 0.111423 0.00893189 0
   vertex 0.104493 1.38883e-06 0
   vertex 0.107245 0.00916629 0
  endloop
 endfacet
 facet normal -0 0 -1
  outer loop
   vertex 0.115591 0.00868424 0
   vertex 0.104493 1.38883e-06 0
   vertex 0.111423 0.00893189 0
  endloop
 endfacet
 facet normal -0 0 -1
  outer loop
   vertex 0.119742 0.0084246 0
   vertex 0.104493 1.38883e-06 0
   vertex 0.115591 0.00868424 0
  endloop
 endfacet
 facet normal -0 0 -1
  outer loop
   vertex 0.123871 0.00815421 0
   vertex 0.104493 1.38883e-06 0
   vertex 0.119742 0.0084246 0
  endloop
 endfacet
 facet normal -0 0 -1
  outer loop
   vertex 0.12797 0.00787432 0
   vertex 0.104493 1.38883e-06 0
   vertex 0.123871 0.00815421 0
  endloop
 endfacet
 facet normal -0 0 -1
  outer loop
   vertex 0.132033 0.00758615 0
   vertex 0.104493 1.38883e-06 0
   vertex 0.12797 0.00787432 0
  endloop
 endfacet
 facet normal -0 0 -1
  outer loop
   vertex 0.136053 0.00729088 0
   vertex 0.104493 1.38883e-06 0
   vertex 0.132033 0.00758615 0
  endloop
 endfacet
 facet normal -0 0 -1
  outer loop
   vertex 0.140025 0.00698968 0
   vertex 0.104493 1.38883e-06 0
   vertex 0.136053 0.00729088 0
  endloop
 endfacet
 facet normal -0 0 -1
  outer loop
   vertex 0.143941 0.00668369 0
   vertex 0.104493 1.38883e-06 0
   vertex 0.140025 0.00698968 0
  endloop
 endfacet
 facet normal -0 0 -1
  outer loop
   vertex 0.147796 0.00637404 0
   vertex 0.104493 1.38883e-06 0
   vertex 0.143941 0.00668369 0
  endloop
 endfacet
 facet normal -0 0 -1
  outer loop
   vertex 0.151584 0.00606182 0
   vertex 0.104493 1.38883e-06 0
   vertex 0.147796 0.00637404 0
  endloop
 endfacet
 facet normal -0 0 -1
  outer loop
   vertex 0.155298 0.0057481 0
   vertex 0.104493 1.38883e-06 0
   vertex 0.151584 0.00606182 0
  endloop
 endfacet
 facet normal -0 0 -1
  outer loop
   vertex 0.158933 0.00543394 0
   vertex 0.104493 1.38883e-06 0
   vertex 0.155298 0.0057481 0
  endloop
 endfacet
 facet normal -0 0 -1
  outer loop
   vertex 0.162483 0.00512037 0
   vertex 0.104493 1.38883e-06 0
   vertex 0.158933 0.00543394 0
  endloop
 endfacet
 facet normal -0 0 -1
  outer loop
   vertex 0.165943 0.00480842 0
   vertex 0.104493 1.38883e-06 0
   vertex 0.162483 0.00512037 0
  endloop
 endfacet
 facet normal -0 0 -1
  outer loop
   vertex 0.169306 0.0044991 0
   vertex 0.104493 1.38883e-06 0
   vertex 0.165943 0.00480842 0
  endloop
 endfacet
 facet normal -0 0 -1
  outer loop
   vertex 0.172567 0.0041934 0
   vertex 0.104493 1.38883e-06 0
   vertex 0.169306 0.0044991 0
  endloop
 endfacet
 facet normal -0 0 -1
  outer loop
   vertex 0.175722 0.00389231 0
   vertex 0.104493 1.38883e-06 0
   vertex 0.172567 0.0041934 0
  endloop
 endfacet
 facet normal -0 0 -1
  outer loop
   vertex 0.178766 0.00359682 0
   vertex 0.104493 1.38883e-06 0
   vertex 0.175722 0.00389231 0
  endloop
 endfacet
 facet normal -0 0 -1
  outer loop
   vertex 0.181693 0.00330788 0
   vertex 0.104493 1.38883e-06 0
   vertex 0.178766 0.00359682 0
  endloop
 endfacet
 facet normal -0 0 -1
  outer loop
   vertex 0.184499 0.00302648 0
   vertex 0.104493 1.38883e-06 0
   vertex 0.181693 0.00330788 0
  endloop
 endfacet
 facet normal -0 0 -1
  outer loop
   vertex 0.18718 0.00275356 0
   vertex 0.104493 1.38883e-06 0
   vertex 0.184499 0.00302648 0
  endloop
 endfacet
 facet normal -0 0 -1
  outer loop
   vertex 0.189731 0.00249006 0
   vertex 0.104493 1.38883e-06 0
   vertex 0.18718 0.00275356 0
  endloop
 endfacet
 facet normal -0 0 -1
  outer loop
   vertex 0.192148 0.00223692 0
   vertex 0.104493 1.38883e-06 0
   vertex 0.189731 0.00249006 0
  endloop
 endfacet
 facet normal -0 0 -1
  outer loop
   vertex 0.194428 0.00199505 0
   vertex 0.104493 1.38883e-06 0
   vertex 0.192148 0.00223692 0
  endloop
 endfacet
 facet normal -0 0 -1
  outer loop
   vertex 0.196566 0.00176534 0
   vertex 0.104493 1.38883e-06 0
   vertex 0.194428 0.00199505 0
  endloop
 endfacet
 facet normal -0 0 -1
  outer loop
   vertex 0.19856 0.00154866 0
   vertex 0.104493 1.38883e-06 0
   vertex 0.196566 0.00176534 0
  endloop
 endfacet
 facet normal -0 0 -1
  outer loop
   vertex 0.200407 0.00134585 0
   vertex 0.104493 1.38883e-06 0
   vertex 0.19856 0.00154866 0
  endloop
 endfacet
 facet normal -0 0 -1
  outer loop
   vertex 0.202102 0.0011577 0
   vertex 0.104493 1.38883e-06 0
   vertex 0.200407 0.00134585 0
  endloop
 endfacet
 facet normal -0 0 -1
  outer loop
   vertex 0.203645 0.000984969 0
   vertex 0.104493 1.38883e-06 0
   vertex 0.202102 0.0011577 0
  endloop
 endfacet
 facet normal -0 0 -1
  outer loop
   vertex 0.205031 0.000828371 0
   vertex 0.104493 1.38883e-06 0
   vertex 0.203645 0.000984969 0
  endloop
 endfacet
 facet normal -0 0 -1
  outer loop
   vertex 0.20626 0.000688559 0
   vertex 0.104493 1.38883e-06 0
   vertex 0.205031 0.000828371 0
  endloop
 endfacet
 facet normal -0 0 -1
  outer loop
   vertex 0.207329 0.000566127 0
   vertex 0.104493 1.38883e-06 0
   vertex 0.20626 0.000688559 0
  endloop
 endfacet
 facet normal -0 0 -1
  outer loop
   vertex 0.208236 0.000461602 0
   vertex 0.104493 1.38883e-06 0
   vertex 0.207329 0.000566127 0
  endloop
 endfacet
 facet normal -0 0 -1
  outer loop
   vertex 0.20898 0.000375441 0
   vertex 0.104493 1.38883e-06 0
   vertex 0.208236 0.000461602 0
  endloop
 endfacet
 facet normal -0 0 -1
  outer loop
   vertex 0.20956 0.000308024 0
   vertex 0.104493 1.38883e-06 0
   vertex 0.20898 0.000375441 0
  endloop
 endfacet
 facet normal -0 0 -1
  outer loop
   vertex 0.209975 0.000259652 0
   vertex 0.104493 1.38883e-06 0
   vertex 0.20956 0.000308024 0
  endloop
 endfacet
 facet normal -0 0 -1
  outer loop
   vertex 0.210225 0.000230541 0
   vertex 0.104493 1.38883e-06 0
   vertex 0.209975 0.000259652 0
  endloop
 endfacet
 facet normal -0 0 -1
  outer loop
   vertex 0.210308 0.000220823 0
   vertex 0.104493 1.38883e-06 0
   vertex 0.210225 0.000230541 0
  endloop
 endfacet
 facet normal 0 0 -1
  outer loop
   vertex 0.210225 -0.000230541 0
   vertex 0.104493 1.38883e-06 0
   vertex 0.210308 0.000220823 0
  endloop
 endfacet
 facet normal 0 0 -1
  outer loop
   vertex 0.209975 -0.000259652 0
   vertex 0.104493 1.38883e-06 0
   vertex 0.210225 -0.000230541 0
  endloop
 endfacet
 facet normal 0 0 -1
  outer loop
   vertex 0.20956 -0.000308024 0
   vertex 0.104493 1.38883e-06 0
   vertex 0.209975 -0.000259652 0
  endloop
 endfacet
 facet normal 0 0 -1
  outer loop
   vertex 0.20898 -0.000375441 0
   vertex 0.104493 1.38883e-06 0
   vertex 0.20956 -0.000308024 0
  endloop
 endfacet
 facet normal 0 0 -1
  outer loop
   vertex 0.208236 -0.000461602 0
   vertex 0.104493 1.38883e-06 0
   vertex 0.20898 -0.000375441 0
  endloop
 endfacet
 facet normal 0 0 -1
  outer loop
   vertex 0.207329 -0.000566127 0
   vertex 0.104493 1.38883e-06 0
   vertex 0.208236 -0.000461602 0
  endloop
 endfacet
 facet normal 0 0 -1
  outer loop
   vertex 0.20626 -0.000688559 0
   vertex 0.104493 1.38883e-06 0
   vertex 0.207329 -0.000566127 0
  endloop
 endfacet
 facet normal 0 0 -1
  outer loop
   vertex 0.205031 -0.000828371 0
   vertex 0.104493 1.38883e-06 0
   vertex 0.20626 -0.000688559 0
  endloop
 endfacet
 facet normal 0 0 -1
  outer loop
   vertex 0.203645 -0.000984969 0
   vertex 0.104493 1.38883e-06 0
   vertex 0.205031 -0.000828371 0
  endloop
 endfacet
 facet normal 0 0 -1
  outer loop
   vertex 0.202102 -0.0011577 0
   vertex 0.104493 1.38883e-06 0
   vertex 0.203645 -0.000984969 0
  endloop
 endfacet
 facet normal 0 0 -1
  outer loop
   vertex 0.200407 -0.00134585 0
   vertex 0.104493 1.38883e-06 0
   vertex 0.202102 -0.0011577 0
  endloop
 endfacet
 facet normal 0 0 -1
  outer loop
   vertex 0.19856 -0.00154866 0
   vertex 0.104493 1.38883e-06 0
   vertex 0.200407 -0.00134585 0
  endloop
 endfacet
 facet normal 0 0 -1
  outer loop
   vertex 0.196566 -0.00176534 0
   vertex 0.104493 1.38883e-06 0
   vertex 0.19856 -0.00154866 0
  endloop
 endfacet
 facet normal 0 0 -1
  outer loop
   vertex 0.194428 -0.00199505 0
   vertex 0.104493 1.38883e-06 0
   vertex 0.196566 -0.00176534 0
  endloop
 endfacet
 facet normal 0 0 -1
  outer loop
   vertex 0.192148 -0.00223692 0
   vertex 0.104493 1.38883e-06 0
   vertex 0.194428 -0.00199505 0
  endloop
 endfacet
 facet normal 0 0 -1
  outer loop
   vertex 0.189731 -0.00249006 0
   vertex 0.104493 1.38883e-06 0
   vertex 0.192148 -0.00223692 0
  endloop
 endfacet
 facet normal 0 0 -1
  outer loop
   vertex 0.18718 -0.00275356 0
   vertex 0.104493 1.38883e-06 0
   vertex 0.189731 -0.00249006 0
  endloop
 endfacet
 facet normal 0 0 -1
  outer loop
   vertex 0.184499 -0.00302648 0
   vertex 0.104493 1.38883e-06 0
   vertex 0.18718 -0.00275356 0
  endloop
 endfacet
 facet normal 0 0 -1
  outer loop
   vertex 0.181693 -0.00330788 0
   vertex 0.104493 1.38883e-06 0
   vertex 0.184499 -0.00302648 0
  endloop
 endfacet
 facet normal 0 0 -1
  outer loop
   vertex 0.178766 -0.00359682 0
   vertex 0.104493 1.38883e-06 0
   vertex 0.181693 -0.00330788 0
  endloop
 endfacet
 facet normal 0 0 -1
  outer loop
   vertex 0.175722 -0.00389231 0
   vertex 0.104493 1.38883e-06 0
   vertex 0.178766 -0.00359682 0
  endloop
 endfacet
 facet normal 0 0 -1
  outer loop
   vertex 0.172567 -0.0041934 0
   vertex 0.104493 1.38883e-06 0
   vertex 0.175722 -0.00389231 0
  endloop
 endfacet
 facet normal 0 0 -1
  outer loop
   vertex 0.169306 -0.0044991 0
   vertex 0.104493 1.38883e-06 0
   vertex 0.172567 -0.0041934 0
  endloop
 endfacet
 facet normal 0 0 -1
  outer loop
   vertex 0.165943 -0.00480842 0
   vertex 0.104493 1.38883e-06 0
   vertex 0.169306 -0.0044991 0
  endloop
 endfacet
 facet normal 0 0 -1
  outer loop
   vertex 0.162483 -0.00512037 0
   vertex 0.104493 1.38883e-06 0
   vertex 0.165943 -0.00480842 0
  endloop
 endfacet
 facet normal 0 0 -1
  outer loop
   vertex 0.158933 -0.00543394 0
   vertex 0.104493 1.38883e-06 0
   vertex 0.162483 -0.00512037 0
  endloop
 endfacet
 facet normal 0 0 -1
  outer loop
   vertex 0.155298 -0.0057481 0
   vertex 0.104493 1.38883e-06 0
   vertex 0.158933 -0.00543394 0
  endloop
 endfacet
 facet normal 0 0 -1
  outer loop
   vertex 0.151584 -0.00606182 0
   vertex 0.104493 1.38883e-06 0
   vertex 0.155298 -0.0057481 0
  endloop
 endfacet
 facet normal 0 0 -1
  outer loop
   vertex 0.147796 -0.00637404 0
   vertex 0.104493 1.38883e-06 0
   vertex 0.151584 -0.00606182 0
  endloop
 endfacet
 facet normal 0 0 -1
  outer loop
   vertex 0.143941 -0.00668369 0
   vertex 0.104493 1.38883e-06 0
   vertex 0.147796 -0.00637404 0
  endloop
 endfacet
 facet normal 0 0 -1
  outer loop
   vertex 0.140025 -0.00698968 0
   vertex 0.104493 1.38883e-06 0
   vertex 0.143941 -0.00668369 0
  endloop
 endfacet
 facet normal 0 0 -1
  outer loop
   vertex 0.136053 -0.00729088 0
   vertex 0.104493 1.38883e-06 0
   vertex 0.140025 -0.00698968 0
  endloop
 endfacet
 facet normal 0 0 -1
  outer loop
   vertex 0.132033 -0.00758615 0
   vertex 0.104493 1.38883e-06 0
   vertex 0.136053 -0.00729088 0
  endloop
 endfacet
 facet normal 0 0 -1
  outer loop
   vertex 0.12797 -0.00787432 0
   vertex 0.104493 1.38883e-06 0
   vertex 0.132033 -0.00758615 0
  endloop
 endfacet
 facet normal 0 0 -1
  outer loop
   vertex 0.123871 -0.00815421 0
   vertex 0.104493 1.38883e-06 0
   vertex 0.12797 -0.00787432 0
  endloop
 endfacet
 facet normal 0 0 -1
  outer loop
   vertex 0.119742 -0.0084246 0
   vertex 0.104493 1.38883e-06 0
   vertex 0.123871 -0.00815421 0
  endloop
 endfacet
 facet normal 0 0 -1
  outer loop
   vertex 0.115591 -0.00868424 0
   vertex 0.104493 1.38883e-06 0
   vertex 0.119742 -0.0084246 0
  endloop
 endfacet
 facet normal 0 0 -1
  outer loop
   vertex 0.111423 -0.00893189 0
   vertex 0.104493 1.38883e-06 0
   vertex 0.115591 -0.00868424 0
  endloop
 endfacet
 facet normal 0 0 -1
  outer loop
   vertex 0.107245 -0.00916629 0
   vertex 0.104493 1.38883e-06 0
   vertex 0.111423 -0.00893189 0
  endloop
 endfacet
 facet normal 0 0 -1
  outer loop
   vertex 0.103063 -0.00938616 0
   vertex 0.104493 1.38883e-06 0
   vertex 0.107245 -0.00916629 0
  endloop
 endfacet
 facet normal 0 0 -1
  outer loop
   vertex 0.0988851 -0.00959024 0
   vertex 0.104493 1.38883e-06 0
   vertex 0.103063 -0.00938616 0
  endloop
 endfacet
 facet normal 0 0 -1
  outer loop
   vertex 0.094717 -0.00977725 0
   vertex 0.104493 1.38883e-06 0
   vertex 0.0988851 -0.00959024 0
  endloop
 endfacet
 facet normal 0 0 -1
  outer loop
   vertex 0.0905653 -0.00994596 0
   vertex 0.104493 1.38883e-06 0
   vertex 0.094717 -0.00977725 0
  endloop
 endfacet
 facet normal 0 0 -1
  outer loop
   vertex 0.0864367 -0.0100951 0
   vertex 0.104493 1.38883e-06 0
   vertex 0.0905653 -0.00994596 0
  endloop
 endfacet
 facet normal 0 0 -1
  outer loop
   vertex 0.0823377 -0.0102236 0
   vertex 0.104493 1.38883e-06 0
   vertex 0.0864367 -0.0100951 0
  endloop
 endfacet
 facet normal 0 0 -1
  outer loop
   vertex 0.0782748 -0.0103303 0
   vertex 0.104493 1.38883e-06 0
   vertex 0.0823377 -0.0102236 0
  endloop
 endfacet
 facet normal 0 0 -1
  outer loop
   vertex 0.0742544 -0.010414 0
   vertex 0.104493 1.38883e-06 0
   vertex 0.0782748 -0.0103303 0
  endloop
 endfacet
 facet normal 0 0 -1
  outer loop
   vertex 0.0702828 -0.0104738 0
   vertex 0.104493 1.38883e-06 0
   vertex 0.0742544 -0.010414 0
  endloop
 endfacet
 facet normal 0 0 -1
  outer loop
   vertex 0.0663664 -0.0105088 0
   vertex 0.104493 1.38883e-06 0
   vertex 0.0702828 -0.0104738 0
  endloop
 endfacet
 facet normal 0 0 -1
  outer loop
   vertex 0.0625113 -0.0105182 0
   vertex 0.104493 1.38883e-06 0
   vertex 0.0663664 -0.0105088 0
  endloop
 endfacet
 facet normal 0 0 -1
  outer loop
   vertex 0.0587237 -0.0105011 0
   vertex 0.104493 1.38883e-06 0
   vertex 0.0625113 -0.0105182 0
  endloop
 endfacet
 facet normal 0 0 -1
  outer loop
   vertex 0.0550094 -0.010457 0
   vertex 0.104493 1.38883e-06 0
   vertex 0.0587237 -0.0105011 0
  endloop
 endfacet
 facet normal 0 0 -1
  outer loop
   vertex 0.0513745 -0.0103855 0
   vertex 0.104493 1.38883e-06 0
   vertex 0.0550094 -0.010457 0
  endloop
 endfacet
 facet normal 0 0 -1
  outer loop
   vertex 0.0478245 -0.0102861 0
   vertex 0.104493 1.38883e-06 0
   vertex 0.0513745 -0.0103855 0
  endloop
 endfacet
 facet normal 0 0 -1
  outer loop
   vertex 0.0443653 -0.0101585 0
   vertex 0.104493 1.38883e-06 0
   vertex 0.0478245 -0.0102861 0
  endloop
 endfacet
 facet normal 0 0 -1
  outer loop
   vertex 0.0410021 -0.0100028 0
   vertex 0.104493 1.38883e-06 0
   vertex 0.0443653 -0.0101585 0
  endloop
 endfacet
 facet normal 0 0 -1
  outer loop
   vertex 0.0377404 -0.00981889 0
   vertex 0.104493 1.38883e-06 0
   vertex 0.0410021 -0.0100028 0
  endloop
 endfacet
 facet normal 0 0 -1
  outer loop
   vertex 0.0345853 -0.00960698 0
   vertex 0.104493 1.38883e-06 0
   vertex 0.0377404 -0.00981889 0
  endloop
 endfacet
 facet normal 0 0 -1
  outer loop
   vertex 0.0315417 -0.00936737 0
   vertex 0.104493 1.38883e-06 0
   vertex 0.0345853 -0.00960698 0
  endloop
 endfacet
 facet normal 0 0 -1
  outer loop
   vertex 0.0286146 -0.00910048 0
   vertex 0.104493 1.38883e-06 0
   vertex 0.0315417 -0.00936737 0
  endloop
 endfacet
 facet normal 0 0 -1
  outer loop
   vertex 0.0258085 -0.00880688 0
   vertex 0.104493 1.38883e-06 0
   vertex 0.0286146 -0.00910048 0
  endloop
 endfacet
 facet normal 0 0 -1
  outer loop
   vertex 0.0231278 -0.00848723 0
   vertex 0.104493 1.38883e-06 0
   vertex 0.0258085 -0.00880688 0
  endloop
 endfacet
 facet normal 0 0 -1
  outer loop
   vertex 0.0205769 -0.00814232 0
   vertex 0.104493 1.38883e-06 0
   vertex 0.0231278 -0.00848723 0
  endloop
 endfacet
 facet normal 0 0 -1
  outer loop
   vertex 0.0181597 -0.007773 0
   vertex 0.104493 1.38883e-06 0
   vertex 0.0205769 -0.00814232 0
  endloop
 endfacet
 facet normal 0 0 -1
  outer loop
   vertex 0.01588 -0.00738021 0
   vertex 0.104493 1.38883e-06 0
   vertex 0.0181597 -0.007773 0
  endloop
 endfacet
 facet normal 0 0 -1
  outer loop
   vertex 0.0137415 -0.00696499 0
   vertex 0.104493 1.38883e-06 0
   vertex 0.01588 -0.00738021 0
  endloop
 endfacet
 facet normal 0 0 -1
  outer loop
   vertex 0.0117475 -0.00652837 0
   vertex 0.104493 1.38883e-06 0
   vertex 0.0137415 -0.00696499 0
  endloop
 endfacet
 facet normal 0 0 -1
  outer loop
   vertex 0.00990125 -0.00607146 0
   vertex 0.104493 1.38883e-06 0
   vertex 0.0117475 -0.00652837 0
  endloop
 endfacet
 facet normal 0 0 -1
  outer loop
   vertex 0.0082056 -0.00559536 0
   vertex 0.104493 1.38883e-06 0
   vertex 0.00990125 -0.00607146 0
  endloop
 endfacet
 facet normal 0 0 -1
  outer loop
   vertex 0.00666323 -0.00510117 0
   vertex 0.104493 1.38883e-06 0
   vertex 0.0082056 -0.00559536 0
  endloop
 endfacet
 facet normal 0 0 -1
  outer loop
   vertex 0.00527661 -0.00458998 0
   vertex 0.104493 1.38883e-06 0
   vertex 0.00666323 -0.00510117 0
  endloop
 endfacet
 facet normal 0 0 -1
  outer loop
   vertex 0.00404791 -0.00406285 0
   vertex 0.104493 1.38883e-06 0
   vertex 0.00527661 -0.00458998 0
  endloop
 endfacet
 facet normal 0 0 -1
  outer loop
   vertex 0.00297908 -0.00352076 0
   vertex 0.104493 1.38883e-06 0
   vertex 0.00404791 -0.00406285 0
  endloop
 endfacet
 facet normal 0 0 -1
  outer loop
   vertex 0.00207181 -0.00296464 0
   vertex 0.104493 1.38883e-06 0
   vertex 0.00297908 -0.00352076 0
  endloop
 endfacet
 facet normal 0 0 -1
  outer loop
   vertex 0.00132753 -0.00239535 0
   vertex 0.104493 1.38883e-06 0
   vertex 0.00207181 -0.00296464 0
  endloop
 endfacet
 facet normal 0 0 -1
  outer loop
   vertex 0.000747426 -0.00181364 0
   vertex 0.104493 1.38883e-06 0
   vertex 0.00132753 -0.00239535 0
  endloop
 endfacet
 facet normal 0 0 -1
  outer loop
   vertex 0.000332408 -0.00122017 0
   vertex 0.104493 1.38883e-06 0
   vertex 0.000747426 -0.00181364 0
  endloop
 endfacet
 facet normal 0 0 -1
  outer loop
   vertex 8.3135e-05 -0.000615483 0
   vertex 0.104493 1.38883e-06 0
   vertex 0.000332408 -0.00122017 0
  endloop
 endfacet
 facet normal 0 0 -1
  outer loop
   vertex 0 -0 0
   vertex 0.104493 1.38883e-06 0
   vertex 8.3135e-05 -0.000615483 0
  endloop
 endfacet
 facet normal 0 0 0
  outer loop
   vertex 0.104493 1.38883e-06 0
   vertex 0 -0 0
   vertex 0 -0 0
  endloop
 endfacet
 facet normal 0 0 1
  outer loop
   vertex 0.161735 0 0.321714
   vertex 0.211682 6.63858e-07 0.321714
   vertex 0.161775 0.000294201 0.321714
  endloop
 endfacet
 facet normal -0 0 1
  outer loop
   vertex 0.161775 0.000294201 0.321714
   vertex 0.211682 6.63858e-07 0.321714
   vertex 0.161894 0.000583242 0.321714
  endloop
 endfacet
 facet normal -0 0 1
  outer loop
   vertex 0.161894 0.000583242 0.321714
   vertex 0.211682 6.63858e-07 0.321714
   vertex 0.162092 0.000866921 0.321714
  endloop
 endfacet
 facet normal -0 0 1
  outer loop
   vertex 0.162092 0.000866921 0.321714
   vertex 0.211682 6.63858e-07 0.321714
   vertex 0.16237 0.00114498 0.321714
  endloop
 endfacet
 facet normal -0 0 1
  outer loop
   vertex 0.16237 0.00114498 0.321714
   vertex 0.211682 6.63858e-07 0.321714
   vertex 0.162725 0.0014171 0.321714
  endloop
 endfacet
 facet normal -0 0 1
  outer loop
   vertex 0.162725 0.0014171 0.321714
   vertex 0.211682 6.63858e-07 0.321714
   vertex 0.163159 0.00168292 0.321714
  endloop
 endfacet
 facet normal -0 0 1
  outer loop
   vertex 0.163159 0.00168292 0.321714
   vertex 0.211682 6.63858e-07 0.321714
   vertex 0.16367 0.00194204 0.321714
  endloop
 endfacet
 facet normal -0 0 1
  outer loop
   vertex 0.16367 0.00194204 0.321714
   vertex 0.211682 6.63858e-07 0.321714
   vertex 0.164257 0.00219401 0.321714
  endloop
 endfacet
 facet normal -0 0 1
  outer loop
   vertex 0.164257 0.00219401 0.321714
   vertex 0.211682 6.63858e-07 0.321714
   vertex 0.16492 0.00243836 0.321714
  endloop
 endfacet
 facet normal -0 0 1
  outer loop
   vertex 0.16492 0.00243836 0.321714
   vertex 0.211682 6.63858e-07 0.321714
   vertex 0.165657 0.00267458 0.321714
  endloop
 endfacet
 facet normal -0 0 1
  outer loop
   vertex 0.165657 0.00267458 0.321714
   vertex 0.211682 6.63858e-07 0.321714
   vertex 0.166468 0.00290216 0.321714
  endloop
 endfacet
 facet normal -0 0 1
  outer loop
   vertex 0.166468 0.00290216 0.321714
   vertex 0.211682 6.63858e-07 0.321714
   vertex 0.16735 0.00312056 0.321714
  endloop
 endfacet
 facet normal -0 0 1
  outer loop
   vertex 0.16735 0.00312056 0.321714
   vertex 0.211682 6.63858e-07 0.321714
   vertex 0.168303 0.00332926 0.321714
  endloop
 endfacet
 facet normal -0 0 1
  outer loop
   vertex 0.168303 0.00332926 0.321714
   vertex 0.211682 6.63858e-07 0.321714
   vertex 0.169326 0.00352774 0.321714
  endloop
 endfacet
 facet normal -0 0 1
  outer loop
   vertex 0.169326 0.00352774 0.321714
   vertex 0.211682 6.63858e-07 0.321714
   vertex 0.170415 0.00371549 0.321714
  endloop
 endfacet
 facet normal -0 0 1
  outer loop
   vertex 0.170415 0.00371549 0.321714
   vertex 0.211682 6.63858e-07 0.321714
   vertex 0.171571 0.00389203 0.321714
  endloop
 endfacet
 facet normal -0 0 1
  outer loop
   vertex 0.171571 0.00389203 0.321714
   vertex 0.211682 6.63858e-07 0.321714
   vertex 0.17279 0.0040569 0.321714
  endloop
 endfacet
 facet normal -0 0 1
  outer loop
   vertex 0.17279 0.0040569 0.321714
   vertex 0.211682 6.63858e-07 0.321714
   vertex 0.174072 0.00420969 0.321714
  endloop
 endfacet
 facet normal -0 0 1
  outer loop
   vertex 0.174072 0.00420969 0.321714
   vertex 0.211682 6.63858e-07 0.321714
   vertex 0.175413 0.00435003 0.321714
  endloop
 endfacet
 facet normal -0 0 1
  outer loop
   vertex 0.175413 0.00435003 0.321714
   vertex 0.211682 6.63858e-07 0.321714
   vertex 0.176812 0.0044776 0.321714
  endloop
 endfacet
 facet normal -0 0 1
  outer loop
   vertex 0.176812 0.0044776 0.321714
   vertex 0.211682 6.63858e-07 0.321714
   vertex 0.178267 0.00459214 0.321714
  endloop
 endfacet
 facet normal -0 0 1
  outer loop
   vertex 0.178267 0.00459214 0.321714
   vertex 0.211682 6.63858e-07 0.321714
   vertex 0.179775 0.00469343 0.321714
  endloop
 endfacet
 facet normal -0 0 1
  outer loop
   vertex 0.179775 0.00469343 0.321714
   vertex 0.211682 6.63858e-07 0.321714
   vertex 0.181334 0.00478134 0.321714
  endloop
 endfacet
 facet normal -0 0 1
  outer loop
   vertex 0.181334 0.00478134 0.321714
   vertex 0.211682 6.63858e-07 0.321714
   vertex 0.182942 0.00485578 0.321714
  endloop
 endfacet
 facet normal -0 0 1
  outer loop
   vertex 0.182942 0.00485578 0.321714
   vertex 0.211682 6.63858e-07 0.321714
   vertex 0.184595 0.00491674 0.321714
  endloop
 endfacet
 facet normal -0 0 1
  outer loop
   vertex 0.184595 0.00491674 0.321714
   vertex 0.211682 6.63858e-07 0.321714
   vertex 0.186292 0.00496426 0.321714
  endloop
 endfacet
 facet normal -0 0 1
  outer loop
   vertex 0.186292 0.00496426 0.321714
   vertex 0.211682 6.63858e-07 0.321714
   vertex 0.188029 0.00499846 0.321714
  endloop
 endfacet
 facet normal -0 0 1
  outer loop
   vertex 0.188029 0.00499846 0.321714
   vertex 0.211682 6.63858e-07 0.321714
   vertex 0.189805 0.00501952 0.321714
  endloop
 endfacet
 facet normal -0 0 1
  outer loop
   vertex 0.189805 0.00501952 0.321714
   vertex 0.211682 6.63858e-07 0.321714
   vertex 0.191615 0.00502768 0.321714
  endloop
 endfacet
 facet normal 0 0 1
  outer loop
   vertex 0.191615 0.00502768 0.321714
   vertex 0.211682 6.63858e-07 0.321714
   vertex 0.193458 0.00502322 0.321714
  endloop
 endfacet
 facet normal 0 0 1
  outer loop
   vertex 0.193458 0.00502322 0.321714
   vertex 0.211682 6.63858e-07 0.321714
   vertex 0.19533 0.00500649 0.321714
  endloop
 endfacet
 facet normal 0 0 1
  outer loop
   vertex 0.19533 0.00500649 0.321714
   vertex 0.211682 6.63858e-07 0.321714
   vertex 0.197229 0.00497789 0.321714
  endloop
 endfacet
 facet normal 0 0 1
  outer loop
   vertex 0.197229 0.00497789 0.321714
   vertex 0.211682 6.63858e-07 0.321714
   vertex 0.19915 0.00493787 0.321714
  endloop
 endfacet
 facet normal 0 0 1
  outer loop
   vertex 0.19915 0.00493787 0.321714
   vertex 0.211682 6.63858e-07 0.321714
   vertex 0.201092 0.00488689 0.321714
  endloop
 endfacet
 facet normal 0 0 1
  outer loop
   vertex 0.201092 0.00488689 0.321714
   vertex 0.211682 6.63858e-07 0.321714
   vertex 0.203052 0.00482548 0.321714
  endloop
 endfacet
 facet normal 0 0 1
  outer loop
   vertex 0.203052 0.00482548 0.321714
   vertex 0.211682 6.63858e-07 0.321714
   vertex 0.205025 0.00475417 0.321714
  endloop
 endfacet
 facet normal 0 0 1
  outer loop
   vertex 0.205025 0.00475417 0.321714
   vertex 0.211682 6.63858e-07 0.321714
   vertex 0.20701 0.00467353 0.321714
  endloop
 endfacet
 facet normal 0 0 1
  outer loop
   vertex 0.20701 0.00467353 0.321714
   vertex 0.211682 6.63858e-07 0.321714
   vertex 0.209002 0.00458413 0.321714
  endloop
 endfacet
 facet normal 0 0 1
  outer loop
   vertex 0.209002 0.00458413 0.321714
   vertex 0.211682 6.63858e-07 0.321714
   vertex 0.210999 0.00448659 0.321714
  endloop
 endfacet
 facet normal 0 0 1
  outer loop
   vertex 0.210999 0.00448659 0.321714
   vertex 0.211682 6.63858e-07 0.321714
   vertex 0.212998 0.00438149 0.321714
  endloop
 endfacet
 facet normal 0 0 1
  outer loop
   vertex 0.212998 0.00438149 0.321714
   vertex 0.211682 6.63858e-07 0.321714
   vertex 0.214995 0.00426945 0.321714
  endloop
 endfacet
 facet normal 0 0 1
  outer loop
   vertex 0.214995 0.00426945 0.321714
   vertex 0.211682 6.63858e-07 0.321714
   vertex 0.216987 0.00415107 0.321714
  endloop
 endfacet
 facet normal 0 0 1
  outer loop
   vertex 0.216987 0.00415107 0.321714
   vertex 0.211682 6.63858e-07 0.321714
   vertex 0.218972 0.00402696 0.321714
  endloop
 endfacet
 facet normal 0 0 1
  outer loop
   vertex 0.218972 0.00402696 0.321714
   vertex 0.211682 6.63858e-07 0.321714
   vertex 0.220945 0.00389771 0.321714
  endloop
 endfacet
 facet normal 0 0 1
  outer loop
   vertex 0.220945 0.00389771 0.321714
   vertex 0.211682 6.63858e-07 0.321714
   vertex 0.222905 0.00376393 0.321714
  endloop
 endfacet
 facet normal 0 0 1
  outer loop
   vertex 0.222905 0.00376393 0.321714
   vertex 0.211682 6.63858e-07 0.321714
   vertex 0.224847 0.00362618 0.321714
  endloop
 endfacet
 facet normal 0 0 1
  outer loop
   vertex 0.224847 0.00362618 0.321714
   vertex 0.211682 6.63858e-07 0.321714
   vertex 0.226768 0.00348504 0.321714
  endloop
 endfacet
 facet normal 0 0 1
  outer loop
   vertex 0.226768 0.00348504 0.321714
   vertex 0.211682 6.63858e-07 0.321714
   vertex 0.228667 0.00334106 0.321714
  endloop
 endfacet
 facet normal 0 0 1
  outer loop
   vertex 0.228667 0.00334106 0.321714
   vertex 0.211682 6.63858e-07 0.321714
   vertex 0.230539 0.0031948 0.321714
  endloop
 endfacet
 facet normal 0 0 1
  outer loop
   vertex 0.230539 0.0031948 0.321714
   vertex 0.211682 6.63858e-07 0.321714
   vertex 0.232382 0.00304679 0.321714
  endloop
 endfacet
 facet normal 0 0 1
  outer loop
   vertex 0.232382 0.00304679 0.321714
   vertex 0.211682 6.63858e-07 0.321714
   vertex 0.234192 0.00289755 0.321714
  endloop
 endfacet
 facet normal 0 0 1
  outer loop
   vertex 0.234192 0.00289755 0.321714
   vertex 0.211682 6.63858e-07 0.321714
   vertex 0.235968 0.00274759 0.321714
  endloop
 endfacet
 facet normal 0 0 1
  outer loop
   vertex 0.235968 0.00274759 0.321714
   vertex 0.211682 6.63858e-07 0.321714
   vertex 0.237705 0.00259742 0.321714
  endloop
 endfacet
 facet normal 0 0 1
  outer loop
   vertex 0.237705 0.00259742 0.321714
   vertex 0.211682 6.63858e-07 0.321714
   vertex 0.239402 0.00244754 0.321714
  endloop
 endfacet
 facet normal 0 0 1
  outer loop
   vertex 0.239402 0.00244754 0.321714
   vertex 0.211682 6.63858e-07 0.321714
   vertex 0.241056 0.00229843 0.321714
  endloop
 endfacet
 facet normal 0 0 1
  outer loop
   vertex 0.241056 0.00229843 0.321714
   vertex 0.211682 6.63858e-07 0.321714
   vertex 0.242663 0.00215057 0.321714
  endloop
 endfacet
 facet normal 0 0 1
  outer loop
   vertex 0.242663 0.00215057 0.321714
   vertex 0.211682 6.63858e-07 0.321714
   vertex 0.244222 0.00200445 0.321714
  endloop
 endfacet
 facet normal 0 0 1
  outer loop
   vertex 0.244222 0.00200445 0.321714
   vertex 0.211682 6.63858e-07 0.321714
   vertex 0.24573 0.00186052 0.321714
  endloop
 endfacet
 facet normal 0 0 1
  outer loop
   vertex 0.24573 0.00186052 0.321714
   vertex 0.211682 6.63858e-07 0.321714
   vertex 0.247185 0.00171928 0.321714
  endloop
 endfacet
 facet normal 0 0 1
  outer loop
   vertex 0.247185 0.00171928 0.321714
   vertex 0.211682 6.63858e-07 0.321714
   vertex 0.248584 0.00158117 0.321714
  endloop
 endfacet
 facet normal 0 0 1
  outer loop
   vertex 0.248584 0.00158117 0.321714
   vertex 0.211682 6.63858e-07 0.321714
   vertex 0.249926 0.00144666 0.321714
  endloop
 endfacet
 facet normal 0 0 1
  outer loop
   vertex 0.249926 0.00144666 0.321714
   vertex 0.211682 6.63858e-07 0.321714
   vertex 0.251207 0.0013162 0.321714
  endloop
 endfacet
 facet normal 0 0 1
  outer loop
   vertex 0.251207 0.0013162 0.321714
   vertex 0.211682 6.63858e-07 0.321714
   vertex 0.252426 0.00119025 0.321714
  endloop
 endfacet
 facet normal 0 0 1
  outer loop
   vertex 0.252426 0.00119025 0.321714
   vertex 0.211682 6.63858e-07 0.321714
   vertex 0.253582 0.00106925 0.321714
  endloop
 endfacet
 facet normal 0 0 1
  outer loop
   vertex 0.253582 0.00106925 0.321714
   vertex 0.211682 6.63858e-07 0.321714
   vertex 0.254672 0.000953634 0.321714
  endloop
 endfacet
 facet normal 0 0 1
  outer loop
   vertex 0.254672 0.000953634 0.321714
   vertex 0.211682 6.63858e-07 0.321714
   vertex 0.255694 0.000843834 0.321714
  endloop
 endfacet
 facet normal 0 0 1
  outer loop
   vertex 0.255694 0.000843834 0.321714
   vertex 0.211682 6.63858e-07 0.321714
   vertex 0.256647 0.000740261 0.321714
  endloop
 endfacet
 facet normal 0 0 1
  outer loop
   vertex 0.256647 0.000740261 0.321714
   vertex 0.211682 6.63858e-07 0.321714
   vertex 0.257529 0.000643315 0.321714
  endloop
 endfacet
 facet normal 0 0 1
  outer loop
   vertex 0.257529 0.000643315 0.321714
   vertex 0.211682 6.63858e-07 0.321714
   vertex 0.25834 0.000553379 0.321714
  endloop
 endfacet
 facet normal 0 0 1
  outer loop
   vertex 0.25834 0.000553379 0.321714
   vertex 0.211682 6.63858e-07 0.321714
   vertex 0.259077 0.000470815 0.321714
  endloop
 endfacet
 facet normal 0 0 1
  outer loop
   vertex 0.259077 0.000470815 0.321714
   vertex 0.211682 6.63858e-07 0.321714
   vertex 0.25974 0.000395962 0.321714
  endloop
 endfacet
 facet normal 0 0 1
  outer loop
   vertex 0.25974 0.000395962 0.321714
   vertex 0.211682 6.63858e-07 0.321714
   vertex 0.260327 0.000329131 0.321714
  endloop
 endfacet
 facet normal 0 0 1
  outer loop
   vertex 0.260327 0.000329131 0.321714
   vertex 0.211682 6.63858e-07 0.321714
   vertex 0.260838 0.000270609 0.321714
  endloop
 endfacet
 facet normal 0 0 1
  outer loop
   vertex 0.260838 0.000270609 0.321714
   vertex 0.211682 6.63858e-07 0.321714
   vertex 0.261272 0.000220646 0.321714
  endloop
 endfacet
 facet normal 0 0 1
  outer loop
   vertex 0.261272 0.000220646 0.321714
   vertex 0.211682 6.63858e-07 0.321714
   vertex 0.261628 0.000179461 0.321714
  endloop
 endfacet
 facet normal 0 0 1
  outer loop
   vertex 0.261628 0.000179461 0.321714
   vertex 0.211682 6.63858e-07 0.321714
   vertex 0.261905 0.000147236 0.321714
  endloop
 endfacet
 facet normal 0 0 1
  outer loop
   vertex 0.261905 0.000147236 0.321714
   vertex 0.211682 6.63858e-07 0.321714
   vertex 0.262103 0.000124114 0.321714
  endloop
 endfacet
 facet normal 0 0 1
  outer loop
   vertex 0.262103 0.000124114 0.321714
   vertex 0.211682 6.63858e-07 0.321714
   vertex 0.262222 0.000110199 0.321714
  endloop
 endfacet
 facet normal 0 0 1
  outer loop
   vertex 0.262222 0.000110199 0.321714
   vertex 0.211682 6.63858e-07 0.321714
   vertex 0.262262 0.000105554 0.321714
  endloop
 endfacet
 facet normal 0 0 1
  outer loop
   vertex 0.262262 0.000105554 0.321714
   vertex 0.211682 6.63858e-07 0.321714
   vertex 0.262222 -0.000110199 0.321714
  endloop
 endfacet
 facet normal 0 0 1
  outer loop
   vertex 0.262222 -0.000110199 0.321714
   vertex 0.211682 6.63858e-07 0.321714
   vertex 0.262103 -0.000124114 0.321714
  endloop
 endfacet
 facet normal 0 0 1
  outer loop
   vertex 0.262103 -0.000124114 0.321714
   vertex 0.211682 6.63858e-07 0.321714
   vertex 0.261905 -0.000147236 0.321714
  endloop
 endfacet
 facet normal 0 0 1
  outer loop
   vertex 0.261905 -0.000147236 0.321714
   vertex 0.211682 6.63858e-07 0.321714
   vertex 0.261628 -0.000179461 0.321714
  endloop
 endfacet
 facet normal 0 0 1
  outer loop
   vertex 0.261628 -0.000179461 0.321714
   vertex 0.211682 6.63858e-07 0.321714
   vertex 0.261272 -0.000220646 0.321714
  endloop
 endfacet
 facet normal 0 0 1
  outer loop
   vertex 0.261272 -0.000220646 0.321714
   vertex 0.211682 6.63858e-07 0.321714
   vertex 0.260838 -0.000270609 0.321714
  endloop
 endfacet
 facet normal 0 0 1
  outer loop
   vertex 0.260838 -0.000270609 0.321714
   vertex 0.211682 6.63858e-07 0.321714
   vertex 0.260327 -0.000329131 0.321714
  endloop
 endfacet
 facet normal 0 0 1
  outer loop
   vertex 0.260327 -0.000329131 0.321714
   vertex 0.211682 6.63858e-07 0.321714
   vertex 0.25974 -0.000395962 0.321714
  endloop
 endfacet
 facet normal 0 0 1
  outer loop
   vertex 0.25974 -0.000395962 0.321714
   vertex 0.211682 6.63858e-07 0.321714
   vertex 0.259077 -0.000470815 0.321714
  endloop
 endfacet
 facet normal 0 0 1
  outer loop
   vertex 0.259077 -0.000470815 0.321714
   vertex 0.211682 6.63858e-07 0.321714
   vertex 0.25834 -0.000553379 0.321714
  endloop
 endfacet
 facet normal 0 0 1
  outer loop
   vertex 0.25834 -0.000553379 0.321714
   vertex 0.211682 6.63858e-07 0.321714
   vertex 0.257529 -0.000643315 0.321714
  endloop
 endfacet
 facet normal 0 0 1
  outer loop
   vertex 0.257529 -0.000643315 0.321714
   vertex 0.211682 6.63858e-07 0.321714
   vertex 0.256647 -0.000740261 0.321714
  endloop
 endfacet
 facet normal 0 0 1
  outer loop
   vertex 0.256647 -0.000740261 0.321714
   vertex 0.211682 6.63858e-07 0.321714
   vertex 0.255694 -0.000843834 0.321714
  endloop
 endfacet
 facet normal 0 0 1
  outer loop
   vertex 0.255694 -0.000843834 0.321714
   vertex 0.211682 6.63858e-07 0.321714
   vertex 0.254672 -0.000953634 0.321714
  endloop
 endfacet
 facet normal 0 0 1
  outer loop
   vertex 0.254672 -0.000953634 0.321714
   vertex 0.211682 6.63858e-07 0.321714
   vertex 0.253582 -0.00106925 0.321714
  endloop
 endfacet
 facet normal 0 0 1
  outer loop
   vertex 0.253582 -0.00106925 0.321714
   vertex 0.211682 6.63858e-07 0.321714
   vertex 0.252426 -0.00119025 0.321714
  endloop
 endfacet
 facet normal 0 0 1
  outer loop
   vertex 0.252426 -0.00119025 0.321714
   vertex 0.211682 6.63858e-07 0.321714
   vertex 0.251207 -0.0013162 0.321714
  endloop
 endfacet
 facet normal 0 0 1
  outer loop
   vertex 0.251207 -0.0013162 0.321714
   vertex 0.211682 6.63858e-07 0.321714
   vertex 0.249926 -0.00144666 0.321714
  endloop
 endfacet
 facet normal 0 0 1
  outer loop
   vertex 0.249926 -0.00144666 0.321714
   vertex 0.211682 6.63858e-07 0.321714
   vertex 0.248584 -0.00158117 0.321714
  endloop
 endfacet
 facet normal 0 0 1
  outer loop
   vertex 0.248584 -0.00158117 0.321714
   vertex 0.211682 6.63858e-07 0.321714
   vertex 0.247185 -0.00171928 0.321714
  endloop
 endfacet
 facet normal 0 0 1
  outer loop
   vertex 0.247185 -0.00171928 0.321714
   vertex 0.211682 6.63858e-07 0.321714
   vertex 0.24573 -0.00186052 0.321714
  endloop
 endfacet
 facet normal 0 0 1
  outer loop
   vertex 0.24573 -0.00186052 0.321714
   vertex 0.211682 6.63858e-07 0.321714
   vertex 0.244222 -0.00200445 0.321714
  endloop
 endfacet
 facet normal 0 0 1
  outer loop
   vertex 0.244222 -0.00200445 0.321714
   vertex 0.211682 6.63858e-07 0.321714
   vertex 0.242663 -0.00215057 0.321714
  endloop
 endfacet
 facet normal 0 0 1
  outer loop
   vertex 0.242663 -0.00215057 0.321714
   vertex 0.211682 6.63858e-07 0.321714
   vertex 0.241056 -0.00229843 0.321714
  endloop
 endfacet
 facet normal 0 0 1
  outer loop
   vertex 0.241056 -0.00229843 0.321714
   vertex 0.211682 6.63858e-07 0.321714
   vertex 0.239402 -0.00244754 0.321714
  endloop
 endfacet
 facet normal 0 0 1
  outer loop
   vertex 0.239402 -0.00244754 0.321714
   vertex 0.211682 6.63858e-07 0.321714
   vertex 0.237705 -0.00259742 0.321714
  endloop
 endfacet
 facet normal 0 0 1
  outer loop
   vertex 0.237705 -0.00259742 0.321714
   vertex 0.211682 6.63858e-07 0.321714
   vertex 0.235968 -0.00274759 0.321714
  endloop
 endfacet
 facet normal 0 0 1
  outer loop
   vertex 0.235968 -0.00274759 0.321714
   vertex 0.211682 6.63858e-07 0.321714
   vertex 0.234192 -0.00289755 0.321714
  endloop
 endfacet
 facet normal 0 0 1
  outer loop
   vertex 0.234192 -0.00289755 0.321714
   vertex 0.211682 6.63858e-07 0.321714
   vertex 0.232382 -0.00304679 0.321714
  endloop
 endfacet
 facet normal 0 0 1
  outer loop
   vertex 0.232382 -0.00304679 0.321714
   vertex 0.211682 6.63858e-07 0.321714
   vertex 0.230539 -0.0031948 0.321714
  endloop
 endfacet
 facet normal 0 0 1
  outer loop
   vertex 0.230539 -0.0031948 0.321714
   vertex 0.211682 6.63858e-07 0.321714
   vertex 0.228667 -0.00334106 0.321714
  endloop
 endfacet
 facet normal 0 0 1
  outer loop
   vertex 0.228667 -0.00334106 0.321714
   vertex 0.211682 6.63858e-07 0.321714
   vertex 0.226768 -0.00348504 0.321714
  endloop
 endfacet
 facet normal 0 0 1
  outer loop
   vertex 0.226768 -0.00348504 0.321714
   vertex 0.211682 6.63858e-07 0.321714
   vertex 0.224847 -0.00362618 0.321714
  endloop
 endfacet
 facet normal 0 0 1
  outer loop
   vertex 0.224847 -0.00362618 0.321714
   vertex 0.211682 6.63858e-07 0.321714
   vertex 0.222905 -0.00376393 0.321714
  endloop
 endfacet
 facet normal 0 0 1
  outer loop
   vertex 0.222905 -0.00376393 0.321714
   vertex 0.211682 6.63858e-07 0.321714
   vertex 0.220945 -0.00389771 0.321714
  endloop
 endfacet
 facet normal 0 0 1
  outer loop
   vertex 0.220945 -0.00389771 0.321714
   vertex 0.211682 6.63858e-07 0.321714
   vertex 0.218972 -0.00402696 0.321714
  endloop
 endfacet
 facet normal 0 0 1
  outer loop
   vertex 0.218972 -0.00402696 0.321714
   vertex 0.211682 6.63858e-07 0.321714
   vertex 0.216987 -0.00415107 0.321714
  endloop
 endfacet
 facet normal 0 0 1
  outer loop
   vertex 0.216987 -0.00415107 0.321714
   vertex 0.211682 6.63858e-07 0.321714
   vertex 0.214995 -0.00426945 0.321714
  endloop
 endfacet
 facet normal 0 0 1
  outer loop
   vertex 0.214995 -0.00426945 0.321714
   vertex 0.211682 6.63858e-07 0.321714
   vertex 0.212998 -0.00438149 0.321714
  endloop
 endfacet
 facet normal 0 0 1
  outer loop
   vertex 0.212998 -0.00438149 0.321714
   vertex 0.211682 6.63858e-07 0.321714
   vertex 0.210999 -0.00448659 0.321714
  endloop
 endfacet
 facet normal 0 -0 1
  outer loop
   vertex 0.210999 -0.00448659 0.321714
   vertex 0.211682 6.63858e-07 0.321714
   vertex 0.209002 -0.00458413 0.321714
  endloop
 endfacet
 facet normal 0 -0 1
  outer loop
   vertex 0.209002 -0.00458413 0.321714
   vertex 0.211682 6.63858e-07 0.321714
   vertex 0.20701 -0.00467353 0.321714
  endloop
 endfacet
 facet normal 0 -0 1
  outer loop
   vertex 0.20701 -0.00467353 0.321714
   vertex 0.211682 6.63858e-07 0.321714
   vertex 0.205025 -0.00475417 0.321714
  endloop
 endfacet
 facet normal 0 -0 1
  outer loop
   vertex 0.205025 -0.00475417 0.321714
   vertex 0.211682 6.63858e-07 0.321714
   vertex 0.203052 -0.00482548 0.321714
  endloop
 endfacet
 facet normal 0 -0 1
  outer loop
   vertex 0.203052 -0.00482548 0.321714
   vertex 0.211682 6.63858e-07 0.321714
   vertex 0.201092 -0.00488689 0.321714
  endloop
 endfacet
 facet normal 0 -0 1
  outer loop
   vertex 0.201092 -0.00488689 0.321714
   vertex 0.211682 6.63858e-07 0.321714
   vertex 0.19915 -0.00493787 0.321714
  endloop
 endfacet
 facet normal 0 -0 1
  outer loop
   vertex 0.19915 -0.00493787 0.321714
   vertex 0.211682 6.63858e-07 0.321714
   vertex 0.197229 -0.00497789 0.321714
  endloop
 endfacet
 facet normal 0 -0 1
  outer loop
   vertex 0.197229 -0.00497789 0.321714
   vertex 0.211682 6.63858e-07 0.321714
   vertex 0.19533 -0.00500649 0.321714
  endloop
 endfacet
 facet normal 0 -0 1
  outer loop
   vertex 0.19533 -0.00500649 0.321714
   vertex 0.211682 6.63858e-07 0.321714
   vertex 0.193458 -0.00502322 0.321714
  endloop
 endfacet
 facet normal 0 -0 1
  outer loop
   vertex 0.193458 -0.00502322 0.321714
   vertex 0.211682 6.63858e-07 0.321714
   vertex 0.191615 -0.00502768 0.321714
  endloop
 endfacet
 facet normal 0 -0 1
  outer loop
   vertex 0.191615 -0.00502768 0.321714
   vertex 0.211682 6.63858e-07 0.321714
   vertex 0.189805 -0.00501952 0.321714
  endloop
 endfacet
 facet normal 0 -0 1
  outer loop
   vertex 0.189805 -0.00501952 0.321714
   vertex 0.211682 6.63858e-07 0.321714
   vertex 0.188029 -0.00499846 0.321714
  endloop
 endfacet
 facet normal 0 -0 1
  outer loop
   vertex 0.188029 -0.00499846 0.321714
   vertex 0.211682 6.63858e-07 0.321714
   vertex 0.186292 -0.00496426 0.321714
  endloop
 endfacet
 facet normal 0 -0 1
  outer loop
   vertex 0.186292 -0.00496426 0.321714
   vertex 0.211682 6.63858e-07 0.321714
   vertex 0.184595 -0.00491674 0.321714
  endloop
 endfacet
 facet normal 0 -0 1
  outer loop
   vertex 0.184595 -0.00491674 0.321714
   vertex 0.211682 6.63858e-07 0.321714
   vertex 0.182942 -0.00485578 0.321714
  endloop
 endfacet
 facet normal 0 -0 1
  outer loop
   vertex 0.182942 -0.00485578 0.321714
   vertex 0.211682 6.63858e-07 0.321714
   vertex 0.181334 -0.00478134 0.321714
  endloop
 endfacet
 facet normal 0 -0 1
  outer loop
   vertex 0.181334 -0.00478134 0.321714
   vertex 0.211682 6.63858e-07 0.321714
   vertex 0.179775 -0.00469343 0.321714
  endloop
 endfacet
 facet normal 0 -0 1
  outer loop
   vertex 0.179775 -0.00469343 0.321714
   vertex 0.211682 6.63858e-07 0.321714
   vertex 0.178267 -0.00459214 0.321714
  endloop
 endfacet
 facet normal 0 -0 1
  outer loop
   vertex 0.178267 -0.00459214 0.321714
   vertex 0.211682 6.63858e-07 0.321714
   vertex 0.176812 -0.0044776 0.321714
  endloop
 endfacet
 facet normal 0 -0 1
  outer loop
   vertex 0.176812 -0.0044776 0.321714
   vertex 0.211682 6.63858e-07 0.321714
   vertex 0.175413 -0.00435003 0.321714
  endloop
 endfacet
 facet normal 0 -0 1
  outer loop
   vertex 0.175413 -0.00435003 0.321714
   vertex 0.211682 6.63858e-07 0.321714
   vertex 0.174072 -0.00420969 0.321714
  endloop
 endfacet
 facet normal 0 -0 1
  outer loop
   vertex 0.174072 -0.00420969 0.321714
   vertex 0.211682 6.63858e-07 0.321714
   vertex 0.17279 -0.0040569 0.321714
  endloop
 endfacet
 facet normal 0 -0 1
  outer loop
   vertex 0.17279 -0.0040569 0.321714
   vertex 0.211682 6.63858e-07 0.321714
   vertex 0.171571 -0.00389203 0.321714
  endloop
 endfacet
 facet normal 0 -0 1
  outer loop
   vertex 0.171571 -0.00389203 0.321714
   vertex 0.211682 6.63858e-07 0.321714
   vertex 0.170415 -0.00371549 0.321714
  endloop
 endfacet
 facet normal 0 -0 1
  outer loop
   vertex 0.170415 -0.00371549 0.321714
   vertex 0.211682 6.63858e-07 0.321714
   vertex 0.169326 -0.00352774 0.321714
  endloop
 endfacet
 facet normal 0 -0 1
  outer loop
   vertex 0.169326 -0.00352774 0.321714
   vertex 0.211682 6.63858e-07 0.321714
   vertex 0.168303 -0.00332926 0.321714
  endloop
 endfacet
 facet normal 0 -0 1
  outer loop
   vertex 0.168303 -0.00332926 0.321714
   vertex 0.211682 6.63858e-07 0.321714
   vertex 0.16735 -0.00312056 0.321714
  endloop
 endfacet
 facet normal 0 -0 1
  outer loop
   vertex 0.16735 -0.00312056 0.321714
   vertex 0.211682 6.63858e-07 0.321714
   vertex 0.166468 -0.00290216 0.321714
  endloop
 endfacet
 facet normal 0 -0 1
  outer loop
   vertex 0.166468 -0.00290216 0.321714
   vertex 0.211682 6.63858e-07 0.321714
   vertex 0.165657 -0.00267458 0.321714
  endloop
 endfacet
 facet normal 0 -0 1
  outer loop
   vertex 0.165657 -0.00267458 0.321714
   vertex 0.211682 6.63858e-07 0.321714
   vertex 0.16492 -0.00243836 0.321714
  endloop
 endfacet
 facet normal 0 -0 1
  outer loop
   vertex 0.16492 -0.00243836 0.321714
   vertex 0.211682 6.63858e-07 0.321714
   vertex 0.164257 -0.00219401 0.321714
  endloop
 endfacet
 facet normal 0 -0 1
  outer loop
   vertex 0.164257 -0.00219401 0.321714
   vertex 0.211682 6.63858e-07 0.321714
   vertex 0.16367 -0.00194204 0.321714
  endloop
 endfacet
 facet normal 0 -0 1
  outer loop
   vertex 0.16367 -0.00194204 0.321714
   vertex 0.211682 6.63858e-07 0.321714
   vertex 0.163159 -0.00168292 0.321714
  endloop
 endfacet
 facet normal 0 -0 1
  outer loop
   vertex 0.163159 -0.00168292 0.321714
   vertex 0.211682 6.63858e-07 0.321714
   vertex 0.162725 -0.0014171 0.321714
  endloop
 endfacet
 facet normal 0 -0 1
  outer loop
   vertex 0.162725 -0.0014171 0.321714
   vertex 0.211682 6.63858e-07 0.321714
   vertex 0.16237 -0.00114498 0.321714
  endloop
 endfacet
 facet normal 0 -0 1
  outer loop
   vertex 0.16237 -0.00114498 0.321714
   vertex 0.211682 6.63858e-07 0.321714
   vertex 0.162092 -0.000866921 0.321714
  endloop
 endfacet
 facet normal 0 -0 1
  outer loop
   vertex 0.162092 -0.000866921 0.321714
   vertex 0.211682 6.63858e-07 0.321714
   vertex 0.161894 -0.000583242 0.321714
  endloop
 endfacet
 facet normal 0 -0 1
  outer loop
   vertex 0.161894 -0.000583242 0.321714
   vertex 0.211682 6.63858e-07 0.321714
   vertex 0.161775 -0.000294201 0.321714
  endloop
 endfacet
 facet normal 0 -0 1
  outer loop
   vertex 0.161775 -0.000294201 0.321714
   vertex 0.211682 6.63858e-07 0.321714
   vertex 0.161735 0 0.321714
  endloop
 endfacet
 facet normal 0 0 0
  outer loop
   vertex 0.161735 0 0.321714
   vertex 0.211682 6.63858e-07 0.321714
   vertex 0.161735 0 0.321714
  endloop
 endfacet
endsolid tailfin
